id,isim,takim,pozisyon,fiyat,satis_fiyati,sakatlik,durum,mac_kacirma,dakika,ort_puan,sayi,ribaund,asist,top_calma,blok,f_dakika,f_ort_puan,f_sayi,f_ribaund,f_asist,f_top_calma,f_blok,d1,d2,d3,d4,d5,d6,gw2_d1,gw2_d2,gw2_d3,gw2_d4,gw2_d5,gw2_d6,gw2_d7,gw1_mac,gw1_b2b,gw2_mac,gw2_b2b,gw3_mac,gw3_b2b,gw4_mac,gw4_b2b,gw5_mac,gw5_b2b
1,Onyeka Okongwu,ATL,FC,12.5,12.5,a,Normal,Normal,0.0,0.0,0.0,0.0,0.0,0.0,0.0,0.0,0.0,0.0,0.0,0.0,0.0,0.0,0,1,0,1,1,0,1,0,1,1,0,1,0,3,Var ⚠️,4,Var ⚠️,4,Var ⚠️,3,Yok,3,Yok
2,Jalen Johnson,ATL,FC,17.5,17.5,a,Normal,Normal,0.0,0.0,0.0,0.0,0.0,0.0,0.0,0.0,0.0,0.0,0.0,0.0,0.0,0.0,0,1,0,1,1,0,1,0,1,1,0,1,0,3,Var ⚠️,4,Var ⚠️,4,Var ⚠️,3,Yok,3,Yok
3,Mouhamed Gueye,ATL,FC,5.0,5.0,d,Şüpheli (%75),Normal,0.0,0.0,0.0,0.0,0.0,0.0,0.0,0.0,0.0,0.0,0.0,0.0,0.0,0.0,0,1,0,1,1,0,1,0,1,1,0,1,0,3,Var ⚠️,4,Var ⚠️,4,Var ⚠️,3,Yok,3,Yok
4,Dyson Daniels,ATL,BC,13.0,13.0,a,Normal,Normal,0.0,0.0,0.0,0.0,0.0,0.0,0.0,0.0,0.0,0.0,0.0,0.0,0.0,0.0,0,1,0,1,1,0,1,0,1,1,0,1,0,3,Var ⚠️,4,Var ⚠️,4,Var ⚠️,3,Yok,3,Yok
5,Asa Newell,ATL,FC,6.5,6.5,a,Normal,Normal,0.0,0.0,0.0,0.0,0.0,0.0,0.0,0.0,0.0,0.0,0.0,0.0,0.0,0.0,0,1,0,1,1,0,1,0,1,1,0,1,0,3,Var ⚠️,4,Var ⚠️,4,Var ⚠️,3,Yok,3,Yok
6,Nickeil Alexander-Walker,ATL,BC,13.0,13.0,a,Normal,Normal,0.0,0.0,0.0,0.0,0.0,0.0,0.0,0.0,0.0,0.0,0.0,0.0,0.0,0.0,0,1,0,1,1,0,1,0,1,1,0,1,0,3,Var ⚠️,4,Var ⚠️,4,Var ⚠️,3,Yok,3,Yok
7,Jalen Wilson,ATL,FC,5.0,5.0,a,Normal,Normal,0.0,0.0,0.0,0.0,0.0,0.0,0.0,0.0,0.0,0.0,0.0,0.0,0.0,0.0,0,1,0,1,1,0,1,0,1,1,0,1,0,3,Var ⚠️,4,Var ⚠️,4,Var ⚠️,3,Yok,3,Yok
9,Buddy Hield,ATL,BC,7.0,7.0,a,Normal,Normal,0.0,0.0,0.0,0.0,0.0,0.0,0.0,0.0,0.0,0.0,0.0,0.0,0.0,0.0,0,1,0,1,1,0,1,0,1,1,0,1,0,3,Var ⚠️,4,Var ⚠️,4,Var ⚠️,3,Yok,3,Yok
10,RayJ Dennis,ATL,FC,4.5,4.5,d,Şüpheli (%75),Normal,0.0,0.0,0.0,0.0,0.0,0.0,0.0,0.0,0.0,0.0,0.0,0.0,0.0,0.0,0,1,0,1,1,0,1,0,1,1,0,1,0,3,Var ⚠️,4,Var ⚠️,4,Var ⚠️,3,Yok,3,Yok
11,Jock Landale,ATL,FC,7.0,7.0,a,Normal,Normal,0.0,0.0,0.0,0.0,0.0,0.0,0.0,0.0,0.0,0.0,0.0,0.0,0.0,0.0,0,1,0,1,1,0,1,0,1,1,0,1,0,3,Var ⚠️,4,Var ⚠️,4,Var ⚠️,3,Yok,3,Yok
12,Luguentz Dort,ATL,BC,7.5,7.5,a,Normal,Normal,0.0,0.0,0.0,0.0,0.0,0.0,0.0,0.0,0.0,0.0,0.0,0.0,0.0,0.0,0,1,0,1,1,0,1,0,1,1,0,1,0,3,Var ⚠️,4,Var ⚠️,4,Var ⚠️,3,Yok,3,Yok
13,Aaron Wiggins,ATL,BC,7.5,7.5,a,Normal,Normal,0.0,0.0,0.0,0.0,0.0,0.0,0.0,0.0,0.0,0.0,0.0,0.0,0.0,0.0,0,1,0,1,1,0,1,0,1,1,0,1,0,3,Var ⚠️,4,Var ⚠️,4,Var ⚠️,3,Yok,3,Yok
14,Zuby Ejiofor,ATL,FC,5.5,5.5,a,Normal,Normal,0.0,0.0,0.0,0.0,0.0,0.0,0.0,0.0,0.0,0.0,0.0,0.0,0.0,0.0,0,1,0,1,1,0,1,0,1,1,0,1,0,3,Var ⚠️,4,Var ⚠️,4,Var ⚠️,3,Yok,3,Yok
15,Kingston Flemings,ATL,BC,7.5,7.5,a,Normal,Normal,0.0,0.0,0.0,0.0,0.0,0.0,0.0,0.0,0.0,0.0,0.0,0.0,0.0,0.0,0,1,0,1,1,0,1,0,1,1,0,1,0,3,Var ⚠️,4,Var ⚠️,4,Var ⚠️,3,Yok,3,Yok
16,Keshon Gilbert,ATL,BC,4.5,4.5,d,Şüpheli (%75),Normal,0.0,0.0,0.0,0.0,0.0,0.0,0.0,0.0,0.0,0.0,0.0,0.0,0.0,0.0,0,1,0,1,1,0,1,0,1,1,0,1,0,3,Var ⚠️,4,Var ⚠️,4,Var ⚠️,3,Yok,3,Yok
17,Corey Kispert,ATL,FC,7.0,7.0,a,Normal,Normal,0.0,0.0,0.0,0.0,0.0,0.0,0.0,0.0,0.0,0.0,0.0,0.0,0.0,0.0,0,1,0,1,1,0,1,0,1,1,0,1,0,3,Var ⚠️,4,Var ⚠️,4,Var ⚠️,3,Yok,3,Yok
18,CJ McCollum,ATL,BC,11.5,11.5,a,Normal,Normal,0.0,0.0,0.0,0.0,0.0,0.0,0.0,0.0,0.0,0.0,0.0,0.0,0.0,0.0,0,1,0,1,1,0,1,0,1,1,0,1,0,3,Var ⚠️,4,Var ⚠️,4,Var ⚠️,3,Yok,3,Yok
20,Isaac McKneely,ATL,BC,4.5,4.5,d,Şüpheli (%75),Normal,0.0,0.0,0.0,0.0,0.0,0.0,0.0,0.0,0.0,0.0,0.0,0.0,0.0,0.0,0,1,0,1,1,0,1,0,1,1,0,1,0,3,Var ⚠️,4,Var ⚠️,4,Var ⚠️,3,Yok,3,Yok
21,Devin Carter,BOS,BC,6.0,6.0,a,Normal,Normal,0.0,0.0,0.0,0.0,0.0,0.0,0.0,0.0,0.0,0.0,0.0,0.0,0.0,0.0,1,0,0,1,0,0,1,1,0,0,1,0,1,2,Yok,4,Var ⚠️,4,Var ⚠️,3,Var ⚠️,4,Var ⚠️
22,Jayson Tatum,BOS,FC,16.0,16.0,a,Normal,Normal,0.0,0.0,0.0,0.0,0.0,0.0,0.0,0.0,0.0,0.0,0.0,0.0,0.0,0.0,1,0,0,1,0,0,1,1,0,0,1,0,1,2,Yok,4,Var ⚠️,4,Var ⚠️,3,Var ⚠️,4,Var ⚠️
23,Derrick White,BOS,BC,13.0,13.0,a,Normal,Normal,0.0,0.0,0.0,0.0,0.0,0.0,0.0,0.0,0.0,0.0,0.0,0.0,0.0,0.0,1,0,0,1,0,0,1,1,0,0,1,0,1,2,Yok,4,Var ⚠️,4,Var ⚠️,3,Var ⚠️,4,Var ⚠️
24,Payton Pritchard,BOS,BC,11.5,11.5,a,Normal,Normal,0.0,0.0,0.0,0.0,0.0,0.0,0.0,0.0,0.0,0.0,0.0,0.0,0.0,0.0,1,0,0,1,0,0,1,1,0,0,1,0,1,2,Yok,4,Var ⚠️,4,Var ⚠️,3,Var ⚠️,4,Var ⚠️
25,Sam Hauser,BOS,FC,6.5,6.5,a,Normal,Normal,0.0,0.0,0.0,0.0,0.0,0.0,0.0,0.0,0.0,0.0,0.0,0.0,0.0,0.0,1,0,0,1,0,0,1,1,0,0,1,0,1,2,Yok,4,Var ⚠️,4,Var ⚠️,3,Var ⚠️,4,Var ⚠️
26,Jordan Walsh,BOS,FC,5.0,5.0,a,Normal,Normal,0.0,0.0,0.0,0.0,0.0,0.0,0.0,0.0,0.0,0.0,0.0,0.0,0.0,0.0,1,0,0,1,0,0,1,1,0,0,1,0,1,2,Yok,4,Var ⚠️,4,Var ⚠️,3,Var ⚠️,4,Var ⚠️
27,Neemias Queta,BOS,FC,9.5,9.5,a,Normal,Normal,0.0,0.0,0.0,0.0,0.0,0.0,0.0,0.0,0.0,0.0,0.0,0.0,0.0,0.0,1,0,0,1,0,0,1,1,0,0,1,0,1,2,Yok,4,Var ⚠️,4,Var ⚠️,3,Var ⚠️,4,Var ⚠️
28,Baylor Scheierman,BOS,BC,5.0,5.0,a,Normal,Normal,0.0,0.0,0.0,0.0,0.0,0.0,0.0,0.0,0.0,0.0,0.0,0.0,0.0,0.0,1,0,0,1,0,0,1,1,0,0,1,0,1,2,Yok,4,Var ⚠️,4,Var ⚠️,3,Var ⚠️,4,Var ⚠️
29,Hugo González,BOS,BC,6.5,6.5,a,Normal,Normal,0.0,0.0,0.0,0.0,0.0,0.0,0.0,0.0,0.0,0.0,0.0,0.0,0.0,0.0,1,0,0,1,0,0,1,1,0,0,1,0,1,2,Yok,4,Var ⚠️,4,Var ⚠️,3,Var ⚠️,4,Var ⚠️
30,Amari Williams,BOS,FC,4.5,4.5,a,Normal,Normal,0.0,0.0,0.0,0.0,0.0,0.0,0.0,0.0,0.0,0.0,0.0,0.0,0.0,0.0,1,0,0,1,0,0,1,1,0,0,1,0,1,2,Yok,4,Var ⚠️,4,Var ⚠️,3,Var ⚠️,4,Var ⚠️
31,Luka Garza,BOS,FC,5.5,5.5,a,Normal,Normal,0.0,0.0,0.0,0.0,0.0,0.0,0.0,0.0,0.0,0.0,0.0,0.0,0.0,0.0,1,0,0,1,0,0,1,1,0,0,1,0,1,2,Yok,4,Var ⚠️,4,Var ⚠️,3,Var ⚠️,4,Var ⚠️
32,Ron Harper Jr.,BOS,BC,4.5,4.5,a,Normal,Normal,0.0,0.0,0.0,0.0,0.0,0.0,0.0,0.0,0.0,0.0,0.0,0.0,0.0,0.0,1,0,0,1,0,0,1,1,0,0,1,0,1,2,Yok,4,Var ⚠️,4,Var ⚠️,3,Var ⚠️,4,Var ⚠️
33,Mike Conley,BOS,BC,7.5,7.5,a,Normal,Normal,0.0,0.0,0.0,0.0,0.0,0.0,0.0,0.0,0.0,0.0,0.0,0.0,0.0,0.0,1,0,0,1,0,0,1,1,0,0,1,0,1,2,Yok,4,Var ⚠️,4,Var ⚠️,3,Var ⚠️,4,Var ⚠️
34,Mitchell Robinson,BOS,FC,9.5,9.5,a,Normal,Normal,0.0,0.0,0.0,0.0,0.0,0.0,0.0,0.0,0.0,0.0,0.0,0.0,0.0,0.0,1,0,0,1,0,0,1,1,0,0,1,0,1,2,Yok,4,Var ⚠️,4,Var ⚠️,3,Var ⚠️,4,Var ⚠️
35,Paul George,BOS,FC,12.0,12.0,a,Normal,Normal,0.0,0.0,0.0,0.0,0.0,0.0,0.0,0.0,0.0,0.0,0.0,0.0,0.0,0.0,1,0,0,1,0,0,1,1,0,0,1,0,1,2,Yok,4,Var ⚠️,4,Var ⚠️,3,Var ⚠️,4,Var ⚠️
36,Chris Cenac Jr.,BOS,FC,5.0,5.0,a,Normal,Normal,0.0,0.0,0.0,0.0,0.0,0.0,0.0,0.0,0.0,0.0,0.0,0.0,0.0,0.0,1,0,0,1,0,0,1,1,0,0,1,0,1,2,Yok,4,Var ⚠️,4,Var ⚠️,3,Var ⚠️,4,Var ⚠️
37,Tucker DeVries,BOS,FC,4.5,4.5,a,Normal,Normal,0.0,0.0,0.0,0.0,0.0,0.0,0.0,0.0,0.0,0.0,0.0,0.0,0.0,0.0,1,0,0,1,0,0,1,1,0,0,1,0,1,2,Yok,4,Var ⚠️,4,Var ⚠️,3,Var ⚠️,4,Var ⚠️
38,Dillon Mitchell,BOS,FC,4.5,4.5,a,Normal,Normal,0.0,0.0,0.0,0.0,0.0,0.0,0.0,0.0,0.0,0.0,0.0,0.0,0.0,0.0,1,0,0,1,0,0,1,1,0,0,1,0,1,2,Yok,4,Var ⚠️,4,Var ⚠️,3,Var ⚠️,4,Var ⚠️
39,Milos Uzan,BOS,BC,4.5,4.5,a,Normal,Normal,0.0,0.0,0.0,0.0,0.0,0.0,0.0,0.0,0.0,0.0,0.0,0.0,0.0,0.0,1,0,0,1,0,0,1,1,0,0,1,0,1,2,Yok,4,Var ⚠️,4,Var ⚠️,3,Var ⚠️,4,Var ⚠️
40,Josh Minott,BKN,FC,5.5,5.5,a,Normal,Normal,0.0,0.0,0.0,0.0,0.0,0.0,0.0,0.0,0.0,0.0,0.0,0.0,0.0,0.0,0,1,0,0,1,1,0,1,0,0,1,0,1,3,Var ⚠️,3,Yok,4,Var ⚠️,2,Yok,3,Yok
41,Terance Mann,BKN,BC,6.5,6.5,a,Normal,Normal,0.0,0.0,0.0,0.0,0.0,0.0,0.0,0.0,0.0,0.0,0.0,0.0,0.0,0.0,0,1,0,0,1,1,0,1,0,0,1,0,1,3,Var ⚠️,3,Yok,4,Var ⚠️,2,Yok,3,Yok
42,Day'Ron Sharpe,BKN,FC,9.5,9.5,a,Normal,Normal,0.0,0.0,0.0,0.0,0.0,0.0,0.0,0.0,0.0,0.0,0.0,0.0,0.0,0.0,0,1,0,0,1,1,0,1,0,0,1,0,1,3,Var ⚠️,3,Yok,4,Var ⚠️,2,Yok,3,Yok
43,Noah Clowney,BKN,FC,8.0,8.0,a,Normal,Normal,0.0,0.0,0.0,0.0,0.0,0.0,0.0,0.0,0.0,0.0,0.0,0.0,0.0,0.0,0,1,0,0,1,1,0,1,0,0,1,0,1,3,Var ⚠️,3,Yok,4,Var ⚠️,2,Yok,3,Yok
44,Egor Dëmin,BKN,BC,8.5,8.5,a,Normal,Normal,0.0,0.0,0.0,0.0,0.0,0.0,0.0,0.0,0.0,0.0,0.0,0.0,0.0,0.0,0,1,0,0,1,1,0,1,0,0,1,0,1,3,Var ⚠️,3,Yok,4,Var ⚠️,2,Yok,3,Yok
45,Drake Powell,BKN,BC,5.0,5.0,a,Normal,Normal,0.0,0.0,0.0,0.0,0.0,0.0,0.0,0.0,0.0,0.0,0.0,0.0,0.0,0.0,0,1,0,0,1,1,0,1,0,0,1,0,1,3,Var ⚠️,3,Yok,4,Var ⚠️,2,Yok,3,Yok
46,Ben Saraf,BKN,BC,5.5,5.5,a,Normal,Normal,0.0,0.0,0.0,0.0,0.0,0.0,0.0,0.0,0.0,0.0,0.0,0.0,0.0,0.0,0,1,0,0,1,1,0,1,0,0,1,0,1,3,Var ⚠️,3,Yok,4,Var ⚠️,2,Yok,3,Yok
47,Nolan Traore,BKN,BC,6.5,6.5,a,Normal,Normal,0.0,0.0,0.0,0.0,0.0,0.0,0.0,0.0,0.0,0.0,0.0,0.0,0.0,0.0,0,1,0,0,1,1,0,1,0,0,1,0,1,3,Var ⚠️,3,Yok,4,Var ⚠️,2,Yok,3,Yok
48,Danny Wolf,BKN,FC,6.5,6.5,a,Normal,Normal,0.0,0.0,0.0,0.0,0.0,0.0,0.0,0.0,0.0,0.0,0.0,0.0,0.0,0.0,0,1,0,0,1,1,0,1,0,0,1,0,1,3,Var ⚠️,3,Yok,4,Var ⚠️,2,Yok,3,Yok
49,Michael Porter Jr.,BKN,FC,13.5,13.5,a,Normal,Normal,0.0,0.0,0.0,0.0,0.0,0.0,0.0,0.0,0.0,0.0,0.0,0.0,0.0,0.0,0,1,0,0,1,1,0,1,0,0,1,0,1,3,Var ⚠️,3,Yok,4,Var ⚠️,2,Yok,3,Yok
50,Chaney Johnson,BKN,FC,5.0,5.0,a,Normal,Normal,0.0,0.0,0.0,0.0,0.0,0.0,0.0,0.0,0.0,0.0,0.0,0.0,0.0,0.0,0,1,0,0,1,1,0,1,0,0,1,0,1,3,Var ⚠️,3,Yok,4,Var ⚠️,2,Yok,3,Yok
51,Julius Randle,BKN,FC,14.0,14.0,a,Normal,Normal,0.0,0.0,0.0,0.0,0.0,0.0,0.0,0.0,0.0,0.0,0.0,0.0,0.0,0.0,0,1,0,0,1,1,0,1,0,0,1,0,1,3,Var ⚠️,3,Yok,4,Var ⚠️,2,Yok,3,Yok
52,Moritz Wagner,BKN,FC,6.5,6.5,a,Normal,Normal,0.0,0.0,0.0,0.0,0.0,0.0,0.0,0.0,0.0,0.0,0.0,0.0,0.0,0.0,0,1,0,0,1,1,0,1,0,0,1,0,1,3,Var ⚠️,3,Yok,4,Var ⚠️,2,Yok,3,Yok
53,Tyler Bilodeau,BKN,FC,4.5,4.5,a,Normal,Normal,0.0,0.0,0.0,0.0,0.0,0.0,0.0,0.0,0.0,0.0,0.0,0.0,0.0,0.0,0,1,0,0,1,1,0,1,0,0,1,0,1,3,Var ⚠️,3,Yok,4,Var ⚠️,2,Yok,3,Yok
54,Mikel Brown Jr.,BKN,BC,7.5,7.5,d,Şüpheli (%75),Normal,0.0,0.0,0.0,0.0,0.0,0.0,0.0,0.0,0.0,0.0,0.0,0.0,0.0,0.0,0,1,0,0,1,1,0,1,0,0,1,0,1,3,Var ⚠️,3,Yok,4,Var ⚠️,2,Yok,3,Yok
55,Keon Ellis,BKN,BC,6.0,6.0,a,Normal,Normal,0.0,0.0,0.0,0.0,0.0,0.0,0.0,0.0,0.0,0.0,0.0,0.0,0.0,0.0,0,1,0,0,1,1,0,1,0,0,1,0,1,3,Var ⚠️,3,Yok,4,Var ⚠️,2,Yok,3,Yok
56,Joshua Jefferson,BKN,FC,5.0,5.0,a,Normal,Normal,0.0,0.0,0.0,0.0,0.0,0.0,0.0,0.0,0.0,0.0,0.0,0.0,0.0,0.0,0,1,0,0,1,1,0,1,0,0,1,0,1,3,Var ⚠️,3,Yok,4,Var ⚠️,2,Yok,3,Yok
57,Grant Nelson,BKN,FC,4.5,4.5,a,Normal,Normal,0.0,0.0,0.0,0.0,0.0,0.0,0.0,0.0,0.0,0.0,0.0,0.0,0.0,0.0,0,1,0,0,1,1,0,1,0,0,1,0,1,3,Var ⚠️,3,Yok,4,Var ⚠️,2,Yok,3,Yok
59,Moussa Diabate,CHA,FC,10.0,10.0,a,Normal,Normal,0.0,0.0,0.0,0.0,0.0,0.0,0.0,0.0,0.0,0.0,0.0,0.0,0.0,0.0,0,1,0,1,1,0,1,0,1,0,1,1,0,3,Var ⚠️,4,Var ⚠️,3,Var ⚠️,3,Yok,2,Yok
60,Grant Williams,CHA,FC,6.5,6.5,i,Sakat,Normal,0.0,0.0,0.0,0.0,0.0,0.0,0.0,0.0,0.0,0.0,0.0,0.0,0.0,0.0,0,1,0,1,1,0,1,0,1,0,1,1,0,3,Var ⚠️,4,Var ⚠️,3,Var ⚠️,3,Yok,2,Yok
61,Brandon Miller,CHA,FC,12.5,12.5,a,Normal,Normal,0.0,0.0,0.0,0.0,0.0,0.0,0.0,0.0,0.0,0.0,0.0,0.0,0.0,0.0,0,1,0,1,1,0,1,0,1,0,1,1,0,3,Var ⚠️,4,Var ⚠️,3,Var ⚠️,3,Yok,2,Yok
62,Tidjane Salaun,CHA,FC,7.0,7.0,a,Normal,Normal,0.0,0.0,0.0,0.0,0.0,0.0,0.0,0.0,0.0,0.0,0.0,0.0,0.0,0.0,0,1,0,1,1,0,1,0,1,0,1,1,0,3,Var ⚠️,4,Var ⚠️,3,Var ⚠️,3,Yok,2,Yok
63,Sion James,CHA,BC,5.0,5.0,a,Normal,Normal,0.0,0.0,0.0,0.0,0.0,0.0,0.0,0.0,0.0,0.0,0.0,0.0,0.0,0.0,0,1,0,1,1,0,1,0,1,0,1,1,0,3,Var ⚠️,4,Var ⚠️,3,Var ⚠️,3,Yok,2,Yok
64,Ryan Kalkbrenner,CHA,FC,7.5,7.5,a,Normal,Normal,0.0,0.0,0.0,0.0,0.0,0.0,0.0,0.0,0.0,0.0,0.0,0.0,0.0,0.0,0,1,0,1,1,0,1,0,1,0,1,1,0,3,Var ⚠️,4,Var ⚠️,3,Var ⚠️,3,Yok,2,Yok
65,Kon Knueppel,CHA,BC,12.5,12.5,i,Sakat,Normal,0.0,0.0,0.0,0.0,0.0,0.0,0.0,0.0,0.0,0.0,0.0,0.0,0.0,0.0,0,1,0,1,1,0,1,0,1,0,1,1,0,3,Var ⚠️,4,Var ⚠️,3,Var ⚠️,3,Yok,2,Yok
66,Liam McNeeley,CHA,FC,5.0,5.0,a,Normal,Normal,0.0,0.0,0.0,0.0,0.0,0.0,0.0,0.0,0.0,0.0,0.0,0.0,0.0,0.0,0,1,0,1,1,0,1,0,1,0,1,1,0,3,Var ⚠️,4,Var ⚠️,3,Var ⚠️,3,Yok,2,Yok
67,Pat Connaughton,CHA,BC,4.5,4.5,a,Normal,Normal,0.0,0.0,0.0,0.0,0.0,0.0,0.0,0.0,0.0,0.0,0.0,0.0,0.0,0.0,0,1,0,1,1,0,1,0,1,0,1,1,0,3,Var ⚠️,4,Var ⚠️,3,Var ⚠️,3,Yok,2,Yok
68,Coby White,CHA,BC,11.5,11.5,a,Normal,Normal,0.0,0.0,0.0,0.0,0.0,0.0,0.0,0.0,0.0,0.0,0.0,0.0,0.0,0.0,0,1,0,1,1,0,1,0,1,0,1,1,0,3,Var ⚠️,4,Var ⚠️,3,Var ⚠️,3,Yok,2,Yok
69,Dorian Finney-Smith,CHA,FC,5.0,5.0,a,Normal,Normal,0.0,0.0,0.0,0.0,0.0,0.0,0.0,0.0,0.0,0.0,0.0,0.0,0.0,0.0,0,1,0,1,1,0,1,0,1,0,1,1,0,3,Var ⚠️,4,Var ⚠️,3,Var ⚠️,3,Yok,2,Yok
70,PJ Hall,CHA,FC,4.5,4.5,d,Şüpheli (%75),Normal,0.0,0.0,0.0,0.0,0.0,0.0,0.0,0.0,0.0,0.0,0.0,0.0,0.0,0.0,0,1,0,1,1,0,1,0,1,0,1,1,0,3,Var ⚠️,4,Var ⚠️,3,Var ⚠️,3,Yok,2,Yok
71,Naz Reid,CHA,FC,10.5,10.5,a,Normal,Normal,0.0,0.0,0.0,0.0,0.0,0.0,0.0,0.0,0.0,0.0,0.0,0.0,0.0,0.0,0,1,0,1,1,0,1,0,1,0,1,1,0,3,Var ⚠️,4,Var ⚠️,3,Var ⚠️,3,Yok,2,Yok
72,Grayson Allen,CHA,BC,10.0,10.0,a,Normal,Normal,0.0,0.0,0.0,0.0,0.0,0.0,0.0,0.0,0.0,0.0,0.0,0.0,0.0,0.0,0,1,0,1,1,0,1,0,1,0,1,1,0,3,Var ⚠️,4,Var ⚠️,3,Var ⚠️,3,Yok,2,Yok
73,Royce O'Neale,CHA,FC,8.5,8.5,a,Normal,Normal,0.0,0.0,0.0,0.0,0.0,0.0,0.0,0.0,0.0,0.0,0.0,0.0,0.0,0.0,0,1,0,1,1,0,1,0,1,0,1,1,0,3,Var ⚠️,4,Var ⚠️,3,Var ⚠️,3,Yok,2,Yok
74,Michael Ajayi,CHA,FC,4.5,4.5,a,Normal,Normal,0.0,0.0,0.0,0.0,0.0,0.0,0.0,0.0,0.0,0.0,0.0,0.0,0.0,0.0,0,1,0,1,1,0,1,0,1,0,1,1,0,3,Var ⚠️,4,Var ⚠️,3,Var ⚠️,3,Yok,2,Yok
75,Christian Anderson,CHA,BC,6.0,6.0,a,Normal,Normal,0.0,0.0,0.0,0.0,0.0,0.0,0.0,0.0,0.0,0.0,0.0,0.0,0.0,0.0,0,1,0,1,1,0,1,0,1,0,1,1,0,3,Var ⚠️,4,Var ⚠️,3,Var ⚠️,3,Yok,2,Yok
76,Kylan Boswell,CHA,BC,4.5,4.5,a,Normal,Normal,0.0,0.0,0.0,0.0,0.0,0.0,0.0,0.0,0.0,0.0,0.0,0.0,0.0,0.0,0,1,0,1,1,0,1,0,1,0,1,1,0,3,Var ⚠️,4,Var ⚠️,3,Var ⚠️,3,Yok,2,Yok
77,Dennis Schröder,CHA,BC,8.5,8.5,a,Normal,Normal,0.0,0.0,0.0,0.0,0.0,0.0,0.0,0.0,0.0,0.0,0.0,0.0,0.0,0.0,0,1,0,1,1,0,1,0,1,0,1,1,0,3,Var ⚠️,4,Var ⚠️,3,Var ⚠️,3,Yok,2,Yok
78,Hannes Steinbach,CHA,FC,8.0,8.0,a,Normal,Normal,0.0,0.0,0.0,0.0,0.0,0.0,0.0,0.0,0.0,0.0,0.0,0.0,0.0,0.0,0,1,0,1,1,0,1,0,1,0,1,1,0,3,Var ⚠️,4,Var ⚠️,3,Var ⚠️,3,Yok,2,Yok
81,Nic Claxton,CHI,FC,11.0,11.0,a,Normal,Normal,0.0,0.0,0.0,0.0,0.0,0.0,0.0,0.0,0.0,0.0,0.0,0.0,0.0,0.0,0,1,0,1,1,0,1,0,1,0,1,0,0,3,Var ⚠️,3,Yok,3,Var ⚠️,3,Var ⚠️,4,Yok
82,Patrick Williams,CHI,FC,6.0,6.0,a,Normal,Normal,0.0,0.0,0.0,0.0,0.0,0.0,0.0,0.0,0.0,0.0,0.0,0.0,0.0,0.0,0,1,0,1,1,0,1,0,1,0,1,0,0,3,Var ⚠️,3,Yok,3,Var ⚠️,3,Var ⚠️,4,Yok
83,Jalen Smith,CHI,FC,8.0,8.0,a,Normal,Normal,0.0,0.0,0.0,0.0,0.0,0.0,0.0,0.0,0.0,0.0,0.0,0.0,0.0,0.0,0,1,0,1,1,0,1,0,1,0,1,0,0,3,Var ⚠️,3,Yok,3,Var ⚠️,3,Var ⚠️,4,Yok
84,Josh Giddey,CHI,BC,16.0,16.0,a,Normal,Normal,0.0,0.0,0.0,0.0,0.0,0.0,0.0,0.0,0.0,0.0,0.0,0.0,0.0,0.0,0,1,0,1,1,0,1,0,1,0,1,0,0,3,Var ⚠️,3,Yok,3,Var ⚠️,3,Var ⚠️,4,Yok
85,Matas Buzelis,CHI,FC,11.5,11.5,a,Normal,Normal,0.0,0.0,0.0,0.0,0.0,0.0,0.0,0.0,0.0,0.0,0.0,0.0,0.0,0.0,0,1,0,1,1,0,1,0,1,0,1,0,0,3,Var ⚠️,3,Yok,3,Var ⚠️,3,Var ⚠️,4,Yok
86,Tre Jones,CHI,BC,9.0,9.0,a,Normal,Normal,0.0,0.0,0.0,0.0,0.0,0.0,0.0,0.0,0.0,0.0,0.0,0.0,0.0,0.0,0,1,0,1,1,0,1,0,1,0,1,0,0,3,Var ⚠️,3,Yok,3,Var ⚠️,3,Var ⚠️,4,Yok
87,Zach Collins,CHI,FC,5.5,5.5,d,Şüpheli (%75),Normal,0.0,0.0,0.0,0.0,0.0,0.0,0.0,0.0,0.0,0.0,0.0,0.0,0.0,0.0,0,1,0,1,1,0,1,0,1,0,1,0,0,3,Var ⚠️,3,Yok,3,Var ⚠️,3,Var ⚠️,4,Yok
88,Noa Essengue,CHI,FC,5.5,5.5,a,Normal,Normal,0.0,0.0,0.0,0.0,0.0,0.0,0.0,0.0,0.0,0.0,0.0,0.0,0.0,0.0,0,1,0,1,1,0,1,0,1,0,1,0,0,3,Var ⚠️,3,Yok,3,Var ⚠️,3,Var ⚠️,4,Yok
89,Isaac Okoro,CHI,BC,6.0,6.0,a,Normal,Normal,0.0,0.0,0.0,0.0,0.0,0.0,0.0,0.0,0.0,0.0,0.0,0.0,0.0,0.0,0,1,0,1,1,0,1,0,1,0,1,0,0,3,Var ⚠️,3,Yok,3,Var ⚠️,3,Var ⚠️,4,Yok
90,Norman Powell,CHI,BC,11.0,11.0,a,Normal,Normal,0.0,0.0,0.0,0.0,0.0,0.0,0.0,0.0,0.0,0.0,0.0,0.0,0.0,0.0,0,1,0,1,1,0,1,0,1,0,1,0,0,3,Var ⚠️,3,Yok,3,Var ⚠️,3,Var ⚠️,4,Yok
91,Leonard Miller,CHI,FC,5.0,5.0,a,Normal,Normal,0.0,0.0,0.0,0.0,0.0,0.0,0.0,0.0,0.0,0.0,0.0,0.0,0.0,0.0,0,1,0,1,1,0,1,0,1,0,1,0,0,3,Var ⚠️,3,Yok,3,Var ⚠️,3,Var ⚠️,4,Yok
93,Tobe Awaka,CHI,FC,4.5,4.5,a,Normal,Normal,0.0,0.0,0.0,0.0,0.0,0.0,0.0,0.0,0.0,0.0,0.0,0.0,0.0,0.0,0,1,0,1,1,0,1,0,1,0,1,0,0,3,Var ⚠️,3,Yok,3,Var ⚠️,3,Var ⚠️,4,Yok
94,Jaylin Sellers,CHI,BC,4.5,4.5,a,Normal,Normal,0.0,0.0,0.0,0.0,0.0,0.0,0.0,0.0,0.0,0.0,0.0,0.0,0.0,0.0,0,1,0,1,1,0,1,0,1,0,1,0,0,3,Var ⚠️,3,Yok,3,Var ⚠️,3,Var ⚠️,4,Yok
95,Dailyn Swain,CHI,FC,5.5,5.5,a,Normal,Normal,0.0,0.0,0.0,0.0,0.0,0.0,0.0,0.0,0.0,0.0,0.0,0.0,0.0,0.0,0,1,0,1,1,0,1,0,1,0,1,0,0,3,Var ⚠️,3,Yok,3,Var ⚠️,3,Var ⚠️,4,Yok
96,Caleb Wilson,CHI,FC,10.5,10.5,a,Normal,Normal,0.0,0.0,0.0,0.0,0.0,0.0,0.0,0.0,0.0,0.0,0.0,0.0,0.0,0.0,0,1,0,1,1,0,1,0,1,0,1,0,0,3,Var ⚠️,3,Yok,3,Var ⚠️,3,Var ⚠️,4,Yok
98,Peter Suder,CHI,BC,4.5,4.5,a,Normal,Normal,0.0,0.0,0.0,0.0,0.0,0.0,0.0,0.0,0.0,0.0,0.0,0.0,0.0,0.0,0,1,0,1,1,0,1,0,1,0,1,0,0,3,Var ⚠️,3,Yok,3,Var ⚠️,3,Var ⚠️,4,Yok
99,Tristan Enaruna,CLE,FC,4.5,4.5,a,Normal,Normal,0.0,0.0,0.0,0.0,0.0,0.0,0.0,0.0,0.0,0.0,0.0,0.0,0.0,0.0,0,0,1,0,1,0,1,0,1,1,0,1,0,2,Yok,4,Var ⚠️,4,Var ⚠️,4,Var ⚠️,3,Yok
100,Evan Mobley,CLE,FC,14.0,14.0,a,Normal,Normal,0.0,0.0,0.0,0.0,0.0,0.0,0.0,0.0,0.0,0.0,0.0,0.0,0.0,0.0,0,0,1,0,1,0,1,0,1,1,0,1,0,2,Yok,4,Var ⚠️,4,Var ⚠️,4,Var ⚠️,3,Yok
101,Jarrett Allen,CLE,FC,11.0,11.0,a,Normal,Normal,0.0,0.0,0.0,0.0,0.0,0.0,0.0,0.0,0.0,0.0,0.0,0.0,0.0,0.0,0,0,1,0,1,0,1,0,1,1,0,1,0,2,Yok,4,Var ⚠️,4,Var ⚠️,4,Var ⚠️,3,Yok
102,Donovan Mitchell,CLE,BC,16.0,16.0,a,Normal,Normal,0.0,0.0,0.0,0.0,0.0,0.0,0.0,0.0,0.0,0.0,0.0,0.0,0.0,0.0,0,0,1,0,1,0,1,0,1,1,0,1,0,2,Yok,4,Var ⚠️,4,Var ⚠️,4,Var ⚠️,3,Yok
103,Sam Merrill,CLE,BC,7.0,7.0,a,Normal,Normal,0.0,0.0,0.0,0.0,0.0,0.0,0.0,0.0,0.0,0.0,0.0,0.0,0.0,0.0,0,0,1,0,1,0,1,0,1,1,0,1,0,2,Yok,4,Var ⚠️,4,Var ⚠️,4,Var ⚠️,3,Yok
104,Craig Porter,CLE,BC,7.0,7.0,a,Normal,Normal,0.0,0.0,0.0,0.0,0.0,0.0,0.0,0.0,0.0,0.0,0.0,0.0,0.0,0.0,0,0,1,0,1,0,1,0,1,1,0,1,0,2,Yok,4,Var ⚠️,4,Var ⚠️,4,Var ⚠️,3,Yok
105,Jaylon Tyson,CLE,BC,7.5,7.5,a,Normal,Normal,0.0,0.0,0.0,0.0,0.0,0.0,0.0,0.0,0.0,0.0,0.0,0.0,0.0,0.0,0,0,1,0,1,0,1,0,1,1,0,1,0,2,Yok,4,Var ⚠️,4,Var ⚠️,4,Var ⚠️,3,Yok
106,Nae'Qwan Tomlin,CLE,FC,5.5,5.5,a,Normal,Normal,0.0,0.0,0.0,0.0,0.0,0.0,0.0,0.0,0.0,0.0,0.0,0.0,0.0,0.0,0,0,1,0,1,0,1,0,1,1,0,1,0,2,Yok,4,Var ⚠️,4,Var ⚠️,4,Var ⚠️,3,Yok
107,Tyrese Proctor,CLE,BC,4.5,4.5,a,Normal,Normal,0.0,0.0,0.0,0.0,0.0,0.0,0.0,0.0,0.0,0.0,0.0,0.0,0.0,0.0,0,0,1,0,1,0,1,0,1,1,0,1,0,2,Yok,4,Var ⚠️,4,Var ⚠️,4,Var ⚠️,3,Yok
108,Thomas Bryant,CLE,FC,4.5,4.5,a,Normal,Normal,0.0,0.0,0.0,0.0,0.0,0.0,0.0,0.0,0.0,0.0,0.0,0.0,0.0,0.0,0,0,1,0,1,0,1,0,1,1,0,1,0,2,Yok,4,Var ⚠️,4,Var ⚠️,4,Var ⚠️,3,Yok
109,Peyton Watson,CLE,FC,9.5,9.5,d,Şüpheli (%75),Normal,0.0,0.0,0.0,0.0,0.0,0.0,0.0,0.0,0.0,0.0,0.0,0.0,0.0,0.0,0,0,1,0,1,0,1,0,1,1,0,1,0,2,Yok,4,Var ⚠️,4,Var ⚠️,4,Var ⚠️,3,Yok
110,James Harden,CLE,BC,16.0,16.0,a,Normal,Normal,0.0,0.0,0.0,0.0,0.0,0.0,0.0,0.0,0.0,0.0,0.0,0.0,0.0,0.0,0,0,1,0,1,0,1,0,1,1,0,1,0,2,Yok,4,Var ⚠️,4,Var ⚠️,4,Var ⚠️,3,Yok
111,Khalifa Diop,CLE,FC,4.5,4.5,a,Normal,Normal,0.0,0.0,0.0,0.0,0.0,0.0,0.0,0.0,0.0,0.0,0.0,0.0,0.0,0.0,0,0,1,0,1,0,1,0,1,1,0,1,0,2,Yok,4,Var ⚠️,4,Var ⚠️,4,Var ⚠️,3,Yok
112,Mario Hezonja,CLE,BC,5.5,5.5,a,Normal,Normal,0.0,0.0,0.0,0.0,0.0,0.0,0.0,0.0,0.0,0.0,0.0,0.0,0.0,0.0,0,0,1,0,1,0,1,0,1,1,0,1,0,2,Yok,4,Var ⚠️,4,Var ⚠️,4,Var ⚠️,3,Yok
113,Riley Minix,CLE,FC,4.5,4.5,a,Normal,Normal,0.0,0.0,0.0,0.0,0.0,0.0,0.0,0.0,0.0,0.0,0.0,0.0,0.0,0.0,0,0,1,0,1,0,1,0,1,1,0,1,0,2,Yok,4,Var ⚠️,4,Var ⚠️,4,Var ⚠️,3,Yok
114,Meleek Thomas,CLE,BC,5.0,5.0,a,Normal,Normal,0.0,0.0,0.0,0.0,0.0,0.0,0.0,0.0,0.0,0.0,0.0,0.0,0.0,0.0,0,0,1,0,1,0,1,0,1,1,0,1,0,2,Yok,4,Var ⚠️,4,Var ⚠️,4,Var ⚠️,3,Yok
115,"Ernest Udeh, Jr.",CLE,FC,4.5,4.5,a,Normal,Normal,0.0,0.0,0.0,0.0,0.0,0.0,0.0,0.0,0.0,0.0,0.0,0.0,0.0,0.0,0,0,1,0,1,0,1,0,1,1,0,1,0,2,Yok,4,Var ⚠️,4,Var ⚠️,4,Var ⚠️,3,Yok
116,Zaccharie Risacher,DAL,FC,7.0,7.0,a,Normal,Normal,0.0,0.0,0.0,0.0,0.0,0.0,0.0,0.0,0.0,0.0,0.0,0.0,0.0,0.0,0,1,0,1,1,0,1,0,1,0,1,0,0,3,Var ⚠️,3,Yok,4,Var ⚠️,4,Var ⚠️,3,Var ⚠️
117,Naji Marshall,DAL,FC,10.0,10.0,a,Normal,Normal,0.0,0.0,0.0,0.0,0.0,0.0,0.0,0.0,0.0,0.0,0.0,0.0,0.0,0.0,0,1,0,1,1,0,1,0,1,0,1,0,0,3,Var ⚠️,3,Yok,4,Var ⚠️,4,Var ⚠️,3,Var ⚠️
118,Kyrie Irving,DAL,BC,13.5,13.5,d,Şüpheli (%75),Normal,0.0,0.0,0.0,0.0,0.0,0.0,0.0,0.0,0.0,0.0,0.0,0.0,0.0,0.0,0,1,0,1,1,0,1,0,1,0,1,0,0,3,Var ⚠️,3,Yok,4,Var ⚠️,4,Var ⚠️,3,Var ⚠️
119,Dereck Lively II,DAL,FC,8.5,8.5,d,Şüpheli (%75),Normal,0.0,0.0,0.0,0.0,0.0,0.0,0.0,0.0,0.0,0.0,0.0,0.0,0.0,0.0,0,1,0,1,1,0,1,0,1,0,1,0,0,3,Var ⚠️,3,Yok,4,Var ⚠️,4,Var ⚠️,3,Var ⚠️
120,Daniel Gafford,DAL,FC,8.5,8.5,a,Normal,Normal,0.0,0.0,0.0,0.0,0.0,0.0,0.0,0.0,0.0,0.0,0.0,0.0,0.0,0.0,0,1,0,1,1,0,1,0,1,0,1,0,0,3,Var ⚠️,3,Yok,4,Var ⚠️,4,Var ⚠️,3,Var ⚠️
121,P.J. Washington,DAL,FC,10.0,10.0,a,Normal,Normal,0.0,0.0,0.0,0.0,0.0,0.0,0.0,0.0,0.0,0.0,0.0,0.0,0.0,0.0,0,1,0,1,1,0,1,0,1,0,1,0,0,3,Var ⚠️,3,Yok,4,Var ⚠️,4,Var ⚠️,3,Var ⚠️
122,Max Christie,DAL,BC,7.0,7.0,a,Normal,Normal,0.0,0.0,0.0,0.0,0.0,0.0,0.0,0.0,0.0,0.0,0.0,0.0,0.0,0.0,0,1,0,1,1,0,1,0,1,0,1,0,0,3,Var ⚠️,3,Yok,4,Var ⚠️,4,Var ⚠️,3,Var ⚠️
123,Caleb Martin,DAL,FC,6.0,6.0,a,Normal,Normal,0.0,0.0,0.0,0.0,0.0,0.0,0.0,0.0,0.0,0.0,0.0,0.0,0.0,0.0,0,1,0,1,1,0,1,0,1,0,1,0,0,3,Var ⚠️,3,Yok,4,Var ⚠️,4,Var ⚠️,3,Var ⚠️
124,Moussa Cisse,DAL,FC,5.5,5.5,a,Normal,Normal,0.0,0.0,0.0,0.0,0.0,0.0,0.0,0.0,0.0,0.0,0.0,0.0,0.0,0.0,0,1,0,1,1,0,1,0,1,0,1,0,0,3,Var ⚠️,3,Yok,4,Var ⚠️,4,Var ⚠️,3,Var ⚠️
125,Cooper Flagg,DAL,FC,14.5,14.5,a,Normal,Normal,0.0,0.0,0.0,0.0,0.0,0.0,0.0,0.0,0.0,0.0,0.0,0.0,0.0,0.0,0,1,0,1,1,0,1,0,1,0,1,0,0,3,Var ⚠️,3,Yok,4,Var ⚠️,4,Var ⚠️,3,Var ⚠️
126,Marcus Sasser,DAL,BC,5.5,5.5,a,Normal,Normal,0.0,0.0,0.0,0.0,0.0,0.0,0.0,0.0,0.0,0.0,0.0,0.0,0.0,0.0,0,1,0,1,1,0,1,0,1,0,1,0,0,3,Var ⚠️,3,Yok,4,Var ⚠️,4,Var ⚠️,3,Var ⚠️
127,John Poulakidas,DAL,BC,4.5,4.5,a,Normal,Normal,0.0,0.0,0.0,0.0,0.0,0.0,0.0,0.0,0.0,0.0,0.0,0.0,0.0,0.0,0,1,0,1,1,0,1,0,1,0,1,0,0,3,Var ⚠️,3,Yok,4,Var ⚠️,4,Var ⚠️,3,Var ⚠️
128,Santi Aldama,DAL,FC,9.5,9.5,d,Şüpheli (%75),Normal,0.0,0.0,0.0,0.0,0.0,0.0,0.0,0.0,0.0,0.0,0.0,0.0,0.0,0.0,0,1,0,1,1,0,1,0,1,0,1,0,0,3,Var ⚠️,3,Yok,4,Var ⚠️,4,Var ⚠️,3,Var ⚠️
129,Jett Howard,DAL,BC,4.5,4.5,a,Normal,Normal,0.0,0.0,0.0,0.0,0.0,0.0,0.0,0.0,0.0,0.0,0.0,0.0,0.0,0.0,0,1,0,1,1,0,1,0,1,0,1,0,0,3,Var ⚠️,3,Yok,4,Var ⚠️,4,Var ⚠️,3,Var ⚠️
130,Tarik Biberovic,DAL,FC,4.5,4.5,a,Normal,Normal,0.0,0.0,0.0,0.0,0.0,0.0,0.0,0.0,0.0,0.0,0.0,0.0,0.0,0.0,0,1,0,1,1,0,1,0,1,0,1,0,0,3,Var ⚠️,3,Yok,4,Var ⚠️,4,Var ⚠️,3,Var ⚠️
131,Sergio de Larrea,DAL,BC,5.5,5.5,a,Normal,Normal,0.0,0.0,0.0,0.0,0.0,0.0,0.0,0.0,0.0,0.0,0.0,0.0,0.0,0.0,0,1,0,1,1,0,1,0,1,0,1,0,0,3,Var ⚠️,3,Yok,4,Var ⚠️,4,Var ⚠️,3,Var ⚠️
132,Morez Johnson,DAL,FC,7.5,7.5,d,Şüpheli (%75),Normal,0.0,0.0,0.0,0.0,0.0,0.0,0.0,0.0,0.0,0.0,0.0,0.0,0.0,0.0,0,1,0,1,1,0,1,0,1,0,1,0,0,3,Var ⚠️,3,Yok,4,Var ⚠️,4,Var ⚠️,3,Var ⚠️
133,Tobi Lawal,DAL,FC,4.5,4.5,a,Normal,Normal,0.0,0.0,0.0,0.0,0.0,0.0,0.0,0.0,0.0,0.0,0.0,0.0,0.0,0.0,0,1,0,1,1,0,1,0,1,0,1,0,0,3,Var ⚠️,3,Yok,4,Var ⚠️,4,Var ⚠️,3,Var ⚠️
135,Cameron Johnson,DEN,FC,8.5,8.5,a,Normal,Normal,0.0,0.0,0.0,0.0,0.0,0.0,0.0,0.0,0.0,0.0,0.0,0.0,0.0,0.0,0,0,1,0,1,0,1,0,1,0,1,0,0,2,Yok,3,Yok,3,Var ⚠️,3,Yok,4,Yok
136,Nikola Jokic,DEN,FC,23.0,23.0,a,Normal,Normal,0.0,0.0,0.0,0.0,0.0,0.0,0.0,0.0,0.0,0.0,0.0,0.0,0.0,0.0,0,0,1,0,1,0,1,0,1,0,1,0,0,2,Yok,3,Yok,3,Var ⚠️,3,Yok,4,Yok
137,Aaron Gordon,DEN,FC,10.5,10.5,a,Normal,Normal,0.0,0.0,0.0,0.0,0.0,0.0,0.0,0.0,0.0,0.0,0.0,0.0,0.0,0.0,0,0,1,0,1,0,1,0,1,0,1,0,0,2,Yok,3,Yok,3,Var ⚠️,3,Yok,4,Yok
138,Jamal Murray,DEN,BC,16.0,16.0,a,Normal,Normal,0.0,0.0,0.0,0.0,0.0,0.0,0.0,0.0,0.0,0.0,0.0,0.0,0.0,0.0,0,0,1,0,1,0,1,0,1,0,1,0,0,2,Yok,3,Yok,3,Var ⚠️,3,Yok,4,Yok
139,Zeke Nnaji,DEN,FC,5.0,5.0,a,Normal,Normal,0.0,0.0,0.0,0.0,0.0,0.0,0.0,0.0,0.0,0.0,0.0,0.0,0.0,0.0,0,0,1,0,1,0,1,0,1,0,1,0,0,2,Yok,3,Yok,3,Var ⚠️,3,Yok,4,Yok
140,Christian Braun,DEN,BC,9.5,9.5,a,Normal,Normal,0.0,0.0,0.0,0.0,0.0,0.0,0.0,0.0,0.0,0.0,0.0,0.0,0.0,0.0,0,0,1,0,1,0,1,0,1,0,1,0,0,2,Yok,3,Yok,3,Var ⚠️,3,Yok,4,Yok
141,Julian Strawther,DEN,BC,5.0,5.0,a,Normal,Normal,0.0,0.0,0.0,0.0,0.0,0.0,0.0,0.0,0.0,0.0,0.0,0.0,0.0,0.0,0,0,1,0,1,0,1,0,1,0,1,0,0,2,Yok,3,Yok,3,Var ⚠️,3,Yok,4,Yok
142,DaRon Holmes II,DEN,FC,4.5,4.5,a,Normal,Normal,0.0,0.0,0.0,0.0,0.0,0.0,0.0,0.0,0.0,0.0,0.0,0.0,0.0,0.0,0,0,1,0,1,0,1,0,1,0,1,0,0,2,Yok,3,Yok,3,Var ⚠️,3,Yok,4,Yok
143,Spencer Jones,DEN,FC,6.5,6.5,a,Normal,Normal,0.0,0.0,0.0,0.0,0.0,0.0,0.0,0.0,0.0,0.0,0.0,0.0,0.0,0.0,0,0,1,0,1,0,1,0,1,0,1,0,0,2,Yok,3,Yok,3,Var ⚠️,3,Yok,4,Yok
144,DeMar DeRozan,DEN,BC,11.0,11.0,a,Normal,Normal,0.0,0.0,0.0,0.0,0.0,0.0,0.0,0.0,0.0,0.0,0.0,0.0,0.0,0.0,0,0,1,0,1,0,1,0,1,0,1,0,0,2,Yok,3,Yok,3,Var ⚠️,3,Yok,4,Yok
145,Marvin Bagley III,DEN,FC,6.0,6.0,a,Normal,Normal,0.0,0.0,0.0,0.0,0.0,0.0,0.0,0.0,0.0,0.0,0.0,0.0,0.0,0.0,0,0,1,0,1,0,1,0,1,0,1,0,0,2,Yok,3,Yok,3,Var ⚠️,3,Yok,4,Yok
146,Trevon Brazile,DEN,FC,4.5,4.5,d,Şüpheli (%75),Normal,0.0,0.0,0.0,0.0,0.0,0.0,0.0,0.0,0.0,0.0,0.0,0.0,0.0,0.0,0,0,1,0,1,0,1,0,1,0,1,0,0,2,Yok,3,Yok,3,Var ⚠️,3,Yok,4,Yok
147,Alpha Diallo,DEN,BC,4.5,4.5,a,Normal,Normal,0.0,0.0,0.0,0.0,0.0,0.0,0.0,0.0,0.0,0.0,0.0,0.0,0.0,0.0,0,0,1,0,1,0,1,0,1,0,1,0,0,2,Yok,3,Yok,3,Var ⚠️,3,Yok,4,Yok
148,Bryce Hopkins,DEN,FC,4.5,4.5,a,Normal,Normal,0.0,0.0,0.0,0.0,0.0,0.0,0.0,0.0,0.0,0.0,0.0,0.0,0.0,0.0,0,0,1,0,1,0,1,0,1,0,1,0,0,2,Yok,3,Yok,3,Var ⚠️,3,Yok,4,Yok
149,Tyus Jones,DEN,BC,7.5,7.5,a,Normal,Normal,0.0,0.0,0.0,0.0,0.0,0.0,0.0,0.0,0.0,0.0,0.0,0.0,0.0,0.0,0,0,1,0,1,0,1,0,1,0,1,0,0,2,Yok,3,Yok,3,Var ⚠️,3,Yok,4,Yok
150,Lonnie Walker IV,DEN,BC,5.0,5.0,a,Normal,Normal,0.0,0.0,0.0,0.0,0.0,0.0,0.0,0.0,0.0,0.0,0.0,0.0,0.0,0.0,0,0,1,0,1,0,1,0,1,0,1,0,0,2,Yok,3,Yok,3,Var ⚠️,3,Yok,4,Yok
151,Cam Whitmore,DEN,FC,5.0,5.0,a,Normal,Normal,0.0,0.0,0.0,0.0,0.0,0.0,0.0,0.0,0.0,0.0,0.0,0.0,0.0,0.0,0,0,1,0,1,0,1,0,1,0,1,0,0,2,Yok,3,Yok,3,Var ⚠️,3,Yok,4,Yok
154,Kevin Huerter,DET,BC,8.0,8.0,a,Normal,Normal,0.0,0.0,0.0,0.0,0.0,0.0,0.0,0.0,0.0,0.0,0.0,0.0,0.0,0.0,1,0,0,1,0,1,0,1,1,0,1,0,0,3,Yok,3,Var ⚠️,3,Var ⚠️,3,Yok,4,Var ⚠️
155,Javonte Green,DET,BC,5.5,5.5,a,Normal,Normal,0.0,0.0,0.0,0.0,0.0,0.0,0.0,0.0,0.0,0.0,0.0,0.0,0.0,0.0,1,0,0,1,0,1,0,1,1,0,1,0,0,3,Yok,3,Var ⚠️,3,Var ⚠️,3,Yok,4,Var ⚠️
156,Paul Reed,DET,FC,8.0,8.0,a,Normal,Normal,0.0,0.0,0.0,0.0,0.0,0.0,0.0,0.0,0.0,0.0,0.0,0.0,0.0,0.0,1,0,0,1,0,1,0,1,1,0,1,0,0,3,Yok,3,Var ⚠️,3,Var ⚠️,3,Yok,4,Var ⚠️
157,Cade Cunningham,DET,BC,18.0,18.0,a,Normal,Normal,0.0,0.0,0.0,0.0,0.0,0.0,0.0,0.0,0.0,0.0,0.0,0.0,0.0,0.0,1,0,0,1,0,1,0,1,1,0,1,0,0,3,Yok,3,Var ⚠️,3,Var ⚠️,3,Yok,4,Var ⚠️
158,Jalen Duren,DET,FC,13.0,13.0,d,Şüpheli (%75),Normal,0.0,0.0,0.0,0.0,0.0,0.0,0.0,0.0,0.0,0.0,0.0,0.0,0.0,0.0,1,0,0,1,0,1,0,1,1,0,1,0,0,3,Yok,3,Var ⚠️,3,Var ⚠️,3,Yok,4,Var ⚠️
159,Ausar Thompson,DET,BC,10.0,10.0,a,Normal,Normal,0.0,0.0,0.0,0.0,0.0,0.0,0.0,0.0,0.0,0.0,0.0,0.0,0.0,0.0,1,0,0,1,0,1,0,1,1,0,1,0,0,3,Yok,3,Var ⚠️,3,Var ⚠️,3,Yok,4,Var ⚠️
160,Ronald Holland II,DET,FC,7.5,7.5,a,Normal,Normal,0.0,0.0,0.0,0.0,0.0,0.0,0.0,0.0,0.0,0.0,0.0,0.0,0.0,0.0,1,0,0,1,0,1,0,1,1,0,1,0,0,3,Yok,3,Var ⚠️,3,Var ⚠️,3,Yok,4,Var ⚠️
161,Daniss Jenkins,DET,BC,7.5,7.5,a,Normal,Normal,0.0,0.0,0.0,0.0,0.0,0.0,0.0,0.0,0.0,0.0,0.0,0.0,0.0,0.0,1,0,0,1,0,1,0,1,1,0,1,0,0,3,Yok,3,Var ⚠️,3,Var ⚠️,3,Yok,4,Var ⚠️
162,Tolu Smith,DET,FC,4.5,4.5,a,Normal,Normal,0.0,0.0,0.0,0.0,0.0,0.0,0.0,0.0,0.0,0.0,0.0,0.0,0.0,0.0,1,0,0,1,0,1,0,1,1,0,1,0,0,3,Yok,3,Var ⚠️,3,Var ⚠️,3,Yok,4,Var ⚠️
163,Chaz Lanier,DET,BC,4.5,4.5,a,Normal,Normal,0.0,0.0,0.0,0.0,0.0,0.0,0.0,0.0,0.0,0.0,0.0,0.0,0.0,0.0,1,0,0,1,0,1,0,1,1,0,1,0,0,3,Yok,3,Var ⚠️,3,Var ⚠️,3,Yok,4,Var ⚠️
164,Duncan Robinson,DET,FC,7.5,7.5,a,Normal,Normal,0.0,0.0,0.0,0.0,0.0,0.0,0.0,0.0,0.0,0.0,0.0,0.0,0.0,0.0,1,0,0,1,0,1,0,1,1,0,1,0,0,3,Yok,3,Var ⚠️,3,Var ⚠️,3,Yok,4,Var ⚠️
165,John Collins,DET,FC,9.5,9.5,a,Normal,Normal,0.0,0.0,0.0,0.0,0.0,0.0,0.0,0.0,0.0,0.0,0.0,0.0,0.0,0.0,1,0,0,1,0,1,0,1,1,0,1,0,0,3,Yok,3,Var ⚠️,3,Var ⚠️,3,Yok,4,Var ⚠️
166,Taurean Prince,DET,FC,5.5,5.5,a,Normal,Normal,0.0,0.0,0.0,0.0,0.0,0.0,0.0,0.0,0.0,0.0,0.0,0.0,0.0,0.0,1,0,0,1,0,1,0,1,1,0,1,0,0,3,Yok,3,Var ⚠️,3,Var ⚠️,3,Yok,4,Var ⚠️
168,Isaiah Joe,DET,BC,6.5,6.5,a,Normal,Normal,0.0,0.0,0.0,0.0,0.0,0.0,0.0,0.0,0.0,0.0,0.0,0.0,0.0,0.0,1,0,0,1,0,1,0,1,1,0,1,0,0,3,Yok,3,Var ⚠️,3,Var ⚠️,3,Yok,4,Var ⚠️
169,Elijah Harkless,DET,BC,4.5,4.5,a,Normal,Normal,0.0,0.0,0.0,0.0,0.0,0.0,0.0,0.0,0.0,0.0,0.0,0.0,0.0,0.0,1,0,0,1,0,1,0,1,1,0,1,0,0,3,Yok,3,Var ⚠️,3,Var ⚠️,3,Yok,4,Var ⚠️
170,Isaac Jones,DET,FC,4.5,4.5,a,Normal,Normal,0.0,0.0,0.0,0.0,0.0,0.0,0.0,0.0,0.0,0.0,0.0,0.0,0.0,0.0,1,0,0,1,0,1,0,1,1,0,1,0,0,3,Yok,3,Var ⚠️,3,Var ⚠️,3,Yok,4,Var ⚠️
171,Ebuka Okorie,DET,BC,5.5,5.5,a,Normal,Normal,0.0,0.0,0.0,0.0,0.0,0.0,0.0,0.0,0.0,0.0,0.0,0.0,0.0,0.0,1,0,0,1,0,1,0,1,1,0,1,0,0,3,Yok,3,Var ⚠️,3,Var ⚠️,3,Yok,4,Var ⚠️
172,Ugonna Onyenso,DET,FC,4.5,4.5,a,Normal,Normal,0.0,0.0,0.0,0.0,0.0,0.0,0.0,0.0,0.0,0.0,0.0,0.0,0.0,0.0,1,0,0,1,0,1,0,1,1,0,1,0,0,3,Yok,3,Var ⚠️,3,Var ⚠️,3,Yok,4,Var ⚠️
174,Kristaps Porzingis,GSW,FC,11.0,11.0,d,Şüpheli (%75),Normal,0.0,0.0,0.0,0.0,0.0,0.0,0.0,0.0,0.0,0.0,0.0,0.0,0.0,0.0,0,1,0,1,1,0,1,0,1,0,1,0,1,3,Var ⚠️,4,Yok,3,Yok,3,Yok,4,Var ⚠️
175,Charles Bassey,GSW,FC,5.0,5.0,a,Normal,Normal,0.0,0.0,0.0,0.0,0.0,0.0,0.0,0.0,0.0,0.0,0.0,0.0,0.0,0.0,0,1,0,1,1,0,1,0,1,0,1,0,1,3,Var ⚠️,4,Yok,3,Yok,3,Yok,4,Var ⚠️
176,Brandon Williams,GSW,BC,6.0,6.0,a,Normal,Normal,0.0,0.0,0.0,0.0,0.0,0.0,0.0,0.0,0.0,0.0,0.0,0.0,0.0,0.0,0,1,0,1,1,0,1,0,1,0,1,0,1,3,Var ⚠️,4,Yok,3,Yok,3,Yok,4,Var ⚠️
177,Stephen Curry,GSW,BC,15.0,15.0,a,Normal,Normal,0.0,0.0,0.0,0.0,0.0,0.0,0.0,0.0,0.0,0.0,0.0,0.0,0.0,0.0,0,1,0,1,1,0,1,0,1,0,1,0,1,3,Var ⚠️,4,Yok,3,Yok,3,Yok,4,Var ⚠️
178,Draymond Green,GSW,FC,10.0,10.0,a,Normal,Normal,0.0,0.0,0.0,0.0,0.0,0.0,0.0,0.0,0.0,0.0,0.0,0.0,0.0,0.0,0,1,0,1,1,0,1,0,1,0,1,0,1,3,Var ⚠️,4,Yok,3,Yok,3,Yok,4,Var ⚠️
179,Moses Moody,GSW,BC,7.0,7.0,i,Sakat,Normal,0.0,0.0,0.0,0.0,0.0,0.0,0.0,0.0,0.0,0.0,0.0,0.0,0.0,0.0,0,1,0,1,1,0,1,0,1,0,1,0,1,3,Var ⚠️,4,Yok,3,Yok,3,Yok,4,Var ⚠️
180,Gary Payton II,GSW,BC,6.5,6.5,a,Normal,Normal,0.0,0.0,0.0,0.0,0.0,0.0,0.0,0.0,0.0,0.0,0.0,0.0,0.0,0.0,0,1,0,1,1,0,1,0,1,0,1,0,1,3,Var ⚠️,4,Yok,3,Yok,3,Yok,4,Var ⚠️
181,Brandin Podziemski,GSW,BC,10.5,10.5,a,Normal,Normal,0.0,0.0,0.0,0.0,0.0,0.0,0.0,0.0,0.0,0.0,0.0,0.0,0.0,0.0,0,1,0,1,1,0,1,0,1,0,1,0,1,3,Var ⚠️,4,Yok,3,Yok,3,Yok,4,Var ⚠️
182,Gui Santos,GSW,FC,7.5,7.5,a,Normal,Normal,0.0,0.0,0.0,0.0,0.0,0.0,0.0,0.0,0.0,0.0,0.0,0.0,0.0,0.0,0,1,0,1,1,0,1,0,1,0,1,0,1,3,Var ⚠️,4,Yok,3,Yok,3,Yok,4,Var ⚠️
183,Jimmy Butler,GSW,FC,13.0,13.0,i,Sakat,Normal,0.0,0.0,0.0,0.0,0.0,0.0,0.0,0.0,0.0,0.0,0.0,0.0,0.0,0.0,0,1,0,1,1,0,1,0,1,0,1,0,1,3,Var ⚠️,4,Yok,3,Yok,3,Yok,4,Var ⚠️
184,Will Richard,GSW,BC,5.5,5.5,a,Normal,Normal,0.0,0.0,0.0,0.0,0.0,0.0,0.0,0.0,0.0,0.0,0.0,0.0,0.0,0.0,0,1,0,1,1,0,1,0,1,0,1,0,1,3,Var ⚠️,4,Yok,3,Yok,3,Yok,4,Var ⚠️
185,Alex Toohey,GSW,FC,4.5,4.5,d,Şüpheli (%75),Normal,0.0,0.0,0.0,0.0,0.0,0.0,0.0,0.0,0.0,0.0,0.0,0.0,0.0,0.0,0,1,0,1,1,0,1,0,1,0,1,0,1,3,Var ⚠️,4,Yok,3,Yok,3,Yok,4,Var ⚠️
186,LJ Cryer,GSW,BC,4.5,4.5,a,Normal,Normal,0.0,0.0,0.0,0.0,0.0,0.0,0.0,0.0,0.0,0.0,0.0,0.0,0.0,0.0,0,1,0,1,1,0,1,0,1,0,1,0,1,3,Var ⚠️,4,Yok,3,Yok,3,Yok,4,Var ⚠️
187,Al Horford,GSW,FC,7.0,7.0,a,Normal,Normal,0.0,0.0,0.0,0.0,0.0,0.0,0.0,0.0,0.0,0.0,0.0,0.0,0.0,0.0,0,1,0,1,1,0,1,0,1,0,1,0,1,3,Var ⚠️,4,Yok,3,Yok,3,Yok,4,Var ⚠️
188,Yaxel Lendeborg,GSW,FC,7.5,7.5,a,Normal,Normal,0.0,0.0,0.0,0.0,0.0,0.0,0.0,0.0,0.0,0.0,0.0,0.0,0.0,0.0,0,1,0,1,1,0,1,0,1,0,1,0,1,3,Var ⚠️,4,Yok,3,Yok,3,Yok,4,Var ⚠️
189,Malevy Leons,GSW,FC,4.5,4.5,a,Normal,Normal,0.0,0.0,0.0,0.0,0.0,0.0,0.0,0.0,0.0,0.0,0.0,0.0,0.0,0.0,0,1,0,1,1,0,1,0,1,0,1,0,1,3,Var ⚠️,4,Yok,3,Yok,3,Yok,4,Var ⚠️
190,De'Anthony Melton,GSW,BC,8.0,8.0,a,Normal,Normal,0.0,0.0,0.0,0.0,0.0,0.0,0.0,0.0,0.0,0.0,0.0,0.0,0.0,0.0,0,1,0,1,1,0,1,0,1,0,1,0,1,3,Var ⚠️,4,Yok,3,Yok,3,Yok,4,Var ⚠️
191,Georges Niang,GSW,FC,5.0,5.0,a,Normal,Normal,0.0,0.0,0.0,0.0,0.0,0.0,0.0,0.0,0.0,0.0,0.0,0.0,0.0,0.0,0,1,0,1,1,0,1,0,1,0,1,0,1,3,Var ⚠️,4,Yok,3,Yok,3,Yok,4,Var ⚠️
192,Dalen Terry,GSW,FC,5.0,5.0,a,Normal,Normal,0.0,0.0,0.0,0.0,0.0,0.0,0.0,0.0,0.0,0.0,0.0,0.0,0.0,0.0,0,1,0,1,1,0,1,0,1,0,1,0,1,3,Var ⚠️,4,Yok,3,Yok,3,Yok,4,Var ⚠️
195,Graham Ike,GSW,FC,4.5,4.5,a,Normal,Normal,0.0,0.0,0.0,0.0,0.0,0.0,0.0,0.0,0.0,0.0,0.0,0.0,0.0,0.0,0,1,0,1,1,0,1,0,1,0,1,0,1,3,Var ⚠️,4,Yok,3,Yok,3,Yok,4,Var ⚠️
196,Julian Phillips,HOU,FC,5.0,5.0,a,Normal,Normal,0.0,0.0,0.0,0.0,0.0,0.0,0.0,0.0,0.0,0.0,0.0,0.0,0.0,0.0,0,1,0,1,1,0,1,0,1,0,1,1,0,3,Var ⚠️,4,Var ⚠️,3,Var ⚠️,4,Yok,3,Yok
197,Clint Capela,HOU,FC,7.0,7.0,a,Normal,Normal,0.0,0.0,0.0,0.0,0.0,0.0,0.0,0.0,0.0,0.0,0.0,0.0,0.0,0.0,0,1,0,1,1,0,1,0,1,0,1,1,0,3,Var ⚠️,4,Var ⚠️,3,Var ⚠️,4,Yok,3,Yok
198,Alperen Sengun,HOU,FC,16.0,16.0,a,Normal,Normal,0.0,0.0,0.0,0.0,0.0,0.0,0.0,0.0,0.0,0.0,0.0,0.0,0.0,0.0,0,1,0,1,1,0,1,0,1,0,1,1,0,3,Var ⚠️,4,Var ⚠️,3,Var ⚠️,4,Yok,3,Yok
199,Jae'Sean Tate,HOU,FC,5.0,5.0,a,Normal,Normal,0.0,0.0,0.0,0.0,0.0,0.0,0.0,0.0,0.0,0.0,0.0,0.0,0.0,0.0,0,1,0,1,1,0,1,0,1,0,1,1,0,3,Var ⚠️,4,Var ⚠️,3,Var ⚠️,4,Yok,3,Yok
200,Jabari Smith Jr.,HOU,FC,10.5,10.5,a,Normal,Normal,0.0,0.0,0.0,0.0,0.0,0.0,0.0,0.0,0.0,0.0,0.0,0.0,0.0,0.0,0,1,0,1,1,0,1,0,1,0,1,1,0,3,Var ⚠️,4,Var ⚠️,3,Var ⚠️,4,Yok,3,Yok
201,Tari Eason,HOU,FC,8.5,8.5,a,Normal,Normal,0.0,0.0,0.0,0.0,0.0,0.0,0.0,0.0,0.0,0.0,0.0,0.0,0.0,0.0,0,1,0,1,1,0,1,0,1,0,1,1,0,3,Var ⚠️,4,Var ⚠️,3,Var ⚠️,4,Yok,3,Yok
202,Fred VanVleet,HOU,BC,10.0,10.0,a,Normal,Normal,0.0,0.0,0.0,0.0,0.0,0.0,0.0,0.0,0.0,0.0,0.0,0.0,0.0,0.0,0,1,0,1,1,0,1,0,1,0,1,1,0,3,Var ⚠️,4,Var ⚠️,3,Var ⚠️,4,Yok,3,Yok
203,Amen Thompson,HOU,BC,15.0,15.0,a,Normal,Normal,0.0,0.0,0.0,0.0,0.0,0.0,0.0,0.0,0.0,0.0,0.0,0.0,0.0,0.0,0,1,0,1,1,0,1,0,1,0,1,1,0,3,Var ⚠️,4,Var ⚠️,3,Var ⚠️,4,Yok,3,Yok
204,Steven Adams,HOU,FC,7.5,7.5,a,Normal,Normal,0.0,0.0,0.0,0.0,0.0,0.0,0.0,0.0,0.0,0.0,0.0,0.0,0.0,0.0,0,1,0,1,1,0,1,0,1,0,1,1,0,3,Var ⚠️,4,Var ⚠️,3,Var ⚠️,4,Yok,3,Yok
205,Reed Sheppard,HOU,BC,10.0,10.0,a,Normal,Normal,0.0,0.0,0.0,0.0,0.0,0.0,0.0,0.0,0.0,0.0,0.0,0.0,0.0,0.0,0,1,0,1,1,0,1,0,1,0,1,1,0,3,Var ⚠️,4,Var ⚠️,3,Var ⚠️,4,Yok,3,Yok
206,Kevin Durant,HOU,FC,15.5,15.5,a,Normal,Normal,0.0,0.0,0.0,0.0,0.0,0.0,0.0,0.0,0.0,0.0,0.0,0.0,0.0,0.0,0,1,0,1,1,0,1,0,1,0,1,1,0,3,Var ⚠️,4,Var ⚠️,3,Var ⚠️,4,Yok,3,Yok
207,Isaiah Crawford,HOU,FC,4.5,4.5,a,Normal,Normal,0.0,0.0,0.0,0.0,0.0,0.0,0.0,0.0,0.0,0.0,0.0,0.0,0.0,0.0,0,1,0,1,1,0,1,0,1,0,1,1,0,3,Var ⚠️,4,Var ⚠️,3,Var ⚠️,4,Yok,3,Yok
208,Bogdan Bogdanovic,HOU,BC,6.5,6.5,a,Normal,Normal,0.0,0.0,0.0,0.0,0.0,0.0,0.0,0.0,0.0,0.0,0.0,0.0,0.0,0.0,0,1,0,1,1,0,1,0,1,0,1,1,0,3,Var ⚠️,4,Var ⚠️,3,Var ⚠️,4,Yok,3,Yok
209,Marcus Smart,HOU,BC,7.5,7.5,a,Normal,Normal,0.0,0.0,0.0,0.0,0.0,0.0,0.0,0.0,0.0,0.0,0.0,0.0,0.0,0.0,0,1,0,1,1,0,1,0,1,0,1,1,0,3,Var ⚠️,4,Var ⚠️,3,Var ⚠️,4,Yok,3,Yok
210,Oscar Tshiebwe,HOU,FC,5.0,5.0,a,Normal,Normal,0.0,0.0,0.0,0.0,0.0,0.0,0.0,0.0,0.0,0.0,0.0,0.0,0.0,0.0,0,1,0,1,1,0,1,0,1,0,1,1,0,3,Var ⚠️,4,Var ⚠️,3,Var ⚠️,4,Yok,3,Yok
211,Rafael Castro,HOU,FC,4.5,4.5,a,Normal,Normal,0.0,0.0,0.0,0.0,0.0,0.0,0.0,0.0,0.0,0.0,0.0,0.0,0.0,0.0,0,1,0,1,1,0,1,0,1,0,1,1,0,3,Var ⚠️,4,Var ⚠️,3,Var ⚠️,4,Yok,3,Yok
212,Quadir Copeland,HOU,BC,4.5,4.5,a,Normal,Normal,0.0,0.0,0.0,0.0,0.0,0.0,0.0,0.0,0.0,0.0,0.0,0.0,0.0,0.0,0,1,0,1,1,0,1,0,1,0,1,1,0,3,Var ⚠️,4,Var ⚠️,3,Var ⚠️,4,Yok,3,Yok
213,Sean Pedulla,HOU,BC,4.5,4.5,a,Normal,Normal,0.0,0.0,0.0,0.0,0.0,0.0,0.0,0.0,0.0,0.0,0.0,0.0,0.0,0.0,0,1,0,1,1,0,1,0,1,0,1,1,0,3,Var ⚠️,4,Var ⚠️,3,Var ⚠️,4,Yok,3,Yok
214,Bruce Thornton,HOU,BC,4.5,4.5,a,Normal,Normal,0.0,0.0,0.0,0.0,0.0,0.0,0.0,0.0,0.0,0.0,0.0,0.0,0.0,0.0,0,1,0,1,1,0,1,0,1,0,1,1,0,3,Var ⚠️,4,Var ⚠️,3,Var ⚠️,4,Yok,3,Yok
215,Larry Nance Jr.,IND,FC,5.5,5.5,d,Şüpheli (%75),Normal,0.0,0.0,0.0,0.0,0.0,0.0,0.0,0.0,0.0,0.0,0.0,0.0,0.0,0.0,0,1,0,1,0,1,1,0,1,0,1,0,1,3,Yok,4,Yok,3,Var ⚠️,4,Yok,3,Yok
216,Quenton Jackson,IND,BC,5.0,5.0,a,Normal,Normal,0.0,0.0,0.0,0.0,0.0,0.0,0.0,0.0,0.0,0.0,0.0,0.0,0.0,0.0,0,1,0,1,0,1,1,0,1,0,1,0,1,3,Yok,4,Yok,3,Var ⚠️,4,Yok,3,Yok
217,Obi Toppin,IND,FC,6.5,6.5,a,Normal,Normal,0.0,0.0,0.0,0.0,0.0,0.0,0.0,0.0,0.0,0.0,0.0,0.0,0.0,0.0,0,1,0,1,0,1,1,0,1,0,1,0,1,3,Yok,4,Yok,3,Var ⚠️,4,Yok,3,Yok
218,Tyrese Haliburton,IND,BC,15.0,15.0,a,Normal,Normal,0.0,0.0,0.0,0.0,0.0,0.0,0.0,0.0,0.0,0.0,0.0,0.0,0.0,0.0,0,1,0,1,0,1,1,0,1,0,1,0,1,3,Yok,4,Yok,3,Var ⚠️,4,Yok,3,Yok
219,T.J. McConnell,IND,BC,8.0,8.0,a,Normal,Normal,0.0,0.0,0.0,0.0,0.0,0.0,0.0,0.0,0.0,0.0,0.0,0.0,0.0,0.0,0,1,0,1,0,1,1,0,1,0,1,0,1,3,Yok,4,Yok,3,Var ⚠️,4,Yok,3,Yok
220,Aaron Nesmith,IND,FC,8.5,8.5,a,Normal,Normal,0.0,0.0,0.0,0.0,0.0,0.0,0.0,0.0,0.0,0.0,0.0,0.0,0.0,0.0,0,1,0,1,0,1,1,0,1,0,1,0,1,3,Yok,4,Yok,3,Var ⚠️,4,Yok,3,Yok
221,Andrew Nembhard,IND,BC,12.0,12.0,a,Normal,Normal,0.0,0.0,0.0,0.0,0.0,0.0,0.0,0.0,0.0,0.0,0.0,0.0,0.0,0.0,0,1,0,1,0,1,1,0,1,0,1,0,1,3,Yok,4,Yok,3,Var ⚠️,4,Yok,3,Yok
222,Ben Sheppard,IND,BC,5.0,5.0,a,Normal,Normal,0.0,0.0,0.0,0.0,0.0,0.0,0.0,0.0,0.0,0.0,0.0,0.0,0.0,0.0,0,1,0,1,0,1,1,0,1,0,1,0,1,3,Yok,4,Yok,3,Var ⚠️,4,Yok,3,Yok
223,Jarace Walker,IND,FC,7.0,7.0,a,Normal,Normal,0.0,0.0,0.0,0.0,0.0,0.0,0.0,0.0,0.0,0.0,0.0,0.0,0.0,0.0,0,1,0,1,0,1,1,0,1,0,1,0,1,3,Yok,4,Yok,3,Var ⚠️,4,Yok,3,Yok
224,Pascal Siakam,IND,FC,14.0,14.0,a,Normal,Normal,0.0,0.0,0.0,0.0,0.0,0.0,0.0,0.0,0.0,0.0,0.0,0.0,0.0,0.0,0,1,0,1,0,1,1,0,1,0,1,0,1,3,Yok,4,Yok,3,Var ⚠️,4,Yok,3,Yok
225,Johnny Furphy,IND,BC,5.0,5.0,i,Sakat,Normal,0.0,0.0,0.0,0.0,0.0,0.0,0.0,0.0,0.0,0.0,0.0,0.0,0.0,0.0,0,1,0,1,0,1,1,0,1,0,1,0,1,3,Yok,4,Yok,3,Var ⚠️,4,Yok,3,Yok
226,Jay Huff,IND,FC,8.0,8.0,a,Normal,Normal,0.0,0.0,0.0,0.0,0.0,0.0,0.0,0.0,0.0,0.0,0.0,0.0,0.0,0.0,0,1,0,1,0,1,1,0,1,0,1,0,1,3,Yok,4,Yok,3,Var ⚠️,4,Yok,3,Yok
227,Jalen Slawson,IND,FC,5.5,5.5,a,Normal,Normal,0.0,0.0,0.0,0.0,0.0,0.0,0.0,0.0,0.0,0.0,0.0,0.0,0.0,0.0,0,1,0,1,0,1,1,0,1,0,1,0,1,3,Yok,4,Yok,3,Var ⚠️,4,Yok,3,Yok
228,Ivica Zubac,IND,FC,11.5,11.5,a,Normal,Normal,0.0,0.0,0.0,0.0,0.0,0.0,0.0,0.0,0.0,0.0,0.0,0.0,0.0,0.0,0,1,0,1,0,1,1,0,1,0,1,0,1,3,Yok,4,Yok,3,Var ⚠️,4,Yok,3,Yok
229,Kobe Brown,IND,FC,5.0,5.0,a,Normal,Normal,0.0,0.0,0.0,0.0,0.0,0.0,0.0,0.0,0.0,0.0,0.0,0.0,0.0,0.0,0,1,0,1,0,1,1,0,1,0,1,0,1,3,Yok,4,Yok,3,Var ⚠️,4,Yok,3,Yok
230,Kelly Oubre Jr.,IND,BC,8.0,8.0,a,Normal,Normal,0.0,0.0,0.0,0.0,0.0,0.0,0.0,0.0,0.0,0.0,0.0,0.0,0.0,0.0,0,1,0,1,0,1,1,0,1,0,1,0,1,3,Yok,4,Yok,3,Var ⚠️,4,Yok,3,Yok
231,Braden Smith,IND,BC,4.5,4.5,a,Normal,Normal,0.0,0.0,0.0,0.0,0.0,0.0,0.0,0.0,0.0,0.0,0.0,0.0,0.0,0.0,0,1,0,1,0,1,1,0,1,0,1,0,1,3,Yok,4,Yok,3,Var ⚠️,4,Yok,3,Yok
232,Keba Keita,IND,FC,4.5,4.5,a,Normal,Normal,0.0,0.0,0.0,0.0,0.0,0.0,0.0,0.0,0.0,0.0,0.0,0.0,0.0,0.0,0,1,0,1,0,1,1,0,1,0,1,0,1,3,Yok,4,Yok,3,Var ⚠️,4,Yok,3,Yok
233,Rienk Mast,IND,FC,4.5,4.5,a,Normal,Normal,0.0,0.0,0.0,0.0,0.0,0.0,0.0,0.0,0.0,0.0,0.0,0.0,0.0,0.0,0,1,0,1,0,1,1,0,1,0,1,0,1,3,Yok,4,Yok,3,Var ⚠️,4,Yok,3,Yok
234,Yuki Kawamura,LAC,BC,4.5,4.5,a,Normal,Normal,0.0,0.0,0.0,0.0,0.0,0.0,0.0,0.0,0.0,0.0,0.0,0.0,0.0,0.0,0,1,0,1,0,1,0,0,1,0,1,0,1,3,Yok,3,Yok,3,Var ⚠️,3,Yok,3,Yok
235,Darius Garland,LAC,BC,13.0,13.0,a,Normal,Normal,0.0,0.0,0.0,0.0,0.0,0.0,0.0,0.0,0.0,0.0,0.0,0.0,0.0,0.0,0,1,0,1,0,1,0,0,1,0,1,0,1,3,Yok,3,Yok,3,Var ⚠️,3,Yok,3,Yok
236,Max Strus,LAC,BC,7.5,7.5,a,Normal,Normal,0.0,0.0,0.0,0.0,0.0,0.0,0.0,0.0,0.0,0.0,0.0,0.0,0.0,0.0,0,1,0,1,0,1,0,0,1,0,1,0,1,3,Yok,3,Yok,3,Var ⚠️,3,Yok,3,Yok
237,Jalen Pickett,LAC,BC,5.0,5.0,a,Normal,Normal,0.0,0.0,0.0,0.0,0.0,0.0,0.0,0.0,0.0,0.0,0.0,0.0,0.0,0.0,0,1,0,1,0,1,0,0,1,0,1,0,1,3,Yok,3,Yok,3,Var ⚠️,3,Yok,3,Yok
238,Isaiah Jackson,LAC,FC,6.5,6.5,a,Normal,Normal,0.0,0.0,0.0,0.0,0.0,0.0,0.0,0.0,0.0,0.0,0.0,0.0,0.0,0.0,0,1,0,1,0,1,0,0,1,0,1,0,1,3,Yok,3,Yok,3,Var ⚠️,3,Yok,3,Yok
239,Derrick Jones Jr.,LAC,FC,7.5,7.5,a,Normal,Normal,0.0,0.0,0.0,0.0,0.0,0.0,0.0,0.0,0.0,0.0,0.0,0.0,0.0,0.0,0,1,0,1,0,1,0,0,1,0,1,0,1,3,Yok,3,Yok,3,Var ⚠️,3,Yok,3,Yok
240,Jordan Miller,LAC,BC,6.0,6.0,i,Sakat,Normal,0.0,0.0,0.0,0.0,0.0,0.0,0.0,0.0,0.0,0.0,0.0,0.0,0.0,0.0,0,1,0,1,0,1,0,0,1,0,1,0,1,3,Yok,3,Yok,3,Var ⚠️,3,Yok,3,Yok
241,Kris Dunn,LAC,BC,8.0,8.0,a,Normal,Normal,0.0,0.0,0.0,0.0,0.0,0.0,0.0,0.0,0.0,0.0,0.0,0.0,0.0,0.0,0,1,0,1,0,1,0,0,1,0,1,0,1,3,Yok,3,Yok,3,Var ⚠️,3,Yok,3,Yok
242,Cam Christie,LAC,BC,4.5,4.5,a,Normal,Normal,0.0,0.0,0.0,0.0,0.0,0.0,0.0,0.0,0.0,0.0,0.0,0.0,0.0,0.0,0,1,0,1,0,1,0,0,1,0,1,0,1,3,Yok,3,Yok,3,Var ⚠️,3,Yok,3,Yok
243,Yanic Konan Niederhäuser,LAC,FC,5.0,5.0,i,Sakat,Normal,0.0,0.0,0.0,0.0,0.0,0.0,0.0,0.0,0.0,0.0,0.0,0.0,0.0,0.0,0,1,0,1,0,1,0,0,1,0,1,0,1,3,Yok,3,Yok,3,Var ⚠️,3,Yok,3,Yok
244,Kobe Sanders,LAC,BC,5.5,5.5,a,Normal,Normal,0.0,0.0,0.0,0.0,0.0,0.0,0.0,0.0,0.0,0.0,0.0,0.0,0.0,0.0,0,1,0,1,0,1,0,0,1,0,1,0,1,3,Yok,3,Yok,3,Var ⚠️,3,Yok,3,Yok
245,Brook Lopez,LAC,FC,8.5,8.5,a,Normal,Normal,0.0,0.0,0.0,0.0,0.0,0.0,0.0,0.0,0.0,0.0,0.0,0.0,0.0,0.0,0,1,0,1,0,1,0,0,1,0,1,0,1,3,Yok,3,Yok,3,Var ⚠️,3,Yok,3,Yok
246,Bradley Beal,LAC,BC,8.5,8.5,d,Şüpheli (%75),Normal,0.0,0.0,0.0,0.0,0.0,0.0,0.0,0.0,0.0,0.0,0.0,0.0,0.0,0.0,0,1,0,1,0,1,0,0,1,0,1,0,1,3,Yok,3,Yok,3,Var ⚠️,3,Yok,3,Yok
247,Rui Hachimura,LAC,FC,8.0,8.0,a,Normal,Normal,0.0,0.0,0.0,0.0,0.0,0.0,0.0,0.0,0.0,0.0,0.0,0.0,0.0,0.0,0,1,0,1,0,1,0,0,1,0,1,0,1,3,Yok,3,Yok,3,Var ⚠️,3,Yok,3,Yok
249,Nick Martinelli,LAC,FC,4.5,4.5,a,Normal,Normal,0.0,0.0,0.0,0.0,0.0,0.0,0.0,0.0,0.0,0.0,0.0,0.0,0.0,0.0,0,1,0,1,0,1,0,0,1,0,1,0,1,3,Yok,3,Yok,3,Var ⚠️,3,Yok,3,Yok
250,Baba Miller,LAC,FC,4.5,4.5,a,Normal,Normal,0.0,0.0,0.0,0.0,0.0,0.0,0.0,0.0,0.0,0.0,0.0,0.0,0.0,0.0,0,1,0,1,0,1,0,0,1,0,1,0,1,3,Yok,3,Yok,3,Var ⚠️,3,Yok,3,Yok
252,Keaton Wagler,LAC,BC,7.5,7.5,a,Normal,Normal,0.0,0.0,0.0,0.0,0.0,0.0,0.0,0.0,0.0,0.0,0.0,0.0,0.0,0.0,0,1,0,1,0,1,0,0,1,0,1,0,1,3,Yok,3,Yok,3,Var ⚠️,3,Yok,3,Yok
253,Brandon Ingram,LAC,FC,13.0,13.0,i,Sakat,Normal,0.0,0.0,0.0,0.0,0.0,0.0,0.0,0.0,0.0,0.0,0.0,0.0,0.0,0.0,0,1,0,1,0,1,0,0,1,0,1,0,1,3,Yok,3,Yok,3,Var ⚠️,3,Yok,3,Yok
254,Gradey Dick,LAC,BC,6.0,6.0,a,Normal,Normal,0.0,0.0,0.0,0.0,0.0,0.0,0.0,0.0,0.0,0.0,0.0,0.0,0.0,0.0,0,1,0,1,0,1,0,0,1,0,1,0,1,3,Yok,3,Yok,3,Var ⚠️,3,Yok,3,Yok
255,Ziaire Williams,LAL,FC,7.5,7.5,a,Normal,Normal,0.0,0.0,0.0,0.0,0.0,0.0,0.0,0.0,0.0,0.0,0.0,0.0,0.0,0.0,0,1,0,1,0,1,0,1,1,0,1,0,1,3,Yok,4,Var ⚠️,4,Var ⚠️,3,Yok,3,Var ⚠️
256,Collin Sexton,LAL,BC,10.0,10.0,a,Normal,Normal,0.0,0.0,0.0,0.0,0.0,0.0,0.0,0.0,0.0,0.0,0.0,0.0,0.0,0.0,0,1,0,1,0,1,0,1,1,0,1,0,1,3,Yok,4,Var ⚠️,4,Var ⚠️,3,Yok,3,Var ⚠️
257,Luka Doncic,LAL,BC,21.0,21.0,a,Normal,Normal,0.0,0.0,0.0,0.0,0.0,0.0,0.0,0.0,0.0,0.0,0.0,0.0,0.0,0.0,0,1,0,1,0,1,0,1,1,0,1,0,1,3,Yok,4,Var ⚠️,4,Var ⚠️,3,Yok,3,Var ⚠️
258,Austin Reaves,LAL,BC,14.0,14.0,a,Normal,Normal,0.0,0.0,0.0,0.0,0.0,0.0,0.0,0.0,0.0,0.0,0.0,0.0,0.0,0.0,0,1,0,1,0,1,0,1,1,0,1,0,1,3,Yok,4,Var ⚠️,4,Var ⚠️,3,Yok,3,Var ⚠️
259,Jarred Vanderbilt,LAL,FC,5.5,5.5,a,Normal,Normal,0.0,0.0,0.0,0.0,0.0,0.0,0.0,0.0,0.0,0.0,0.0,0.0,0.0,0.0,0,1,0,1,0,1,0,1,1,0,1,0,1,3,Yok,4,Var ⚠️,4,Var ⚠️,3,Yok,3,Var ⚠️
260,Bronny James,LAL,BC,4.5,4.5,a,Normal,Normal,0.0,0.0,0.0,0.0,0.0,0.0,0.0,0.0,0.0,0.0,0.0,0.0,0.0,0.0,0,1,0,1,0,1,0,1,1,0,1,0,1,3,Yok,4,Var ⚠️,4,Var ⚠️,3,Yok,3,Var ⚠️
261,Dalton Knecht,LAL,FC,5.0,5.0,a,Normal,Normal,0.0,0.0,0.0,0.0,0.0,0.0,0.0,0.0,0.0,0.0,0.0,0.0,0.0,0.0,0,1,0,1,0,1,0,1,1,0,1,0,1,3,Yok,4,Var ⚠️,4,Var ⚠️,3,Yok,3,Var ⚠️
262,Chris Mañon,LAL,BC,4.5,4.5,a,Normal,Normal,0.0,0.0,0.0,0.0,0.0,0.0,0.0,0.0,0.0,0.0,0.0,0.0,0.0,0.0,0,1,0,1,0,1,0,1,1,0,1,0,1,3,Yok,4,Var ⚠️,4,Var ⚠️,3,Yok,3,Var ⚠️
263,Adou Thiero,LAL,BC,4.5,4.5,a,Normal,Normal,0.0,0.0,0.0,0.0,0.0,0.0,0.0,0.0,0.0,0.0,0.0,0.0,0.0,0.0,0,1,0,1,0,1,0,1,1,0,1,0,1,3,Yok,4,Var ⚠️,4,Var ⚠️,3,Yok,3,Var ⚠️
264,Jake LaRavia,LAL,FC,7.0,7.0,a,Normal,Normal,0.0,0.0,0.0,0.0,0.0,0.0,0.0,0.0,0.0,0.0,0.0,0.0,0.0,0.0,0,1,0,1,0,1,0,1,1,0,1,0,1,3,Yok,4,Var ⚠️,4,Var ⚠️,3,Yok,3,Var ⚠️
265,Kevon Looney,LAL,FC,6.0,6.0,a,Normal,Normal,0.0,0.0,0.0,0.0,0.0,0.0,0.0,0.0,0.0,0.0,0.0,0.0,0.0,0.0,0,1,0,1,0,1,0,1,1,0,1,0,1,3,Yok,4,Var ⚠️,4,Var ⚠️,3,Yok,3,Var ⚠️
266,Quentin Grimes,LAL,BC,9.5,9.5,a,Normal,Normal,0.0,0.0,0.0,0.0,0.0,0.0,0.0,0.0,0.0,0.0,0.0,0.0,0.0,0.0,0,1,0,1,0,1,0,1,1,0,1,0,1,3,Yok,4,Var ⚠️,4,Var ⚠️,3,Yok,3,Var ⚠️
267,Matisse Thybulle,LAL,BC,6.0,6.0,a,Normal,Normal,0.0,0.0,0.0,0.0,0.0,0.0,0.0,0.0,0.0,0.0,0.0,0.0,0.0,0.0,0,1,0,1,0,1,0,1,1,0,1,0,1,3,Yok,4,Var ⚠️,4,Var ⚠️,3,Yok,3,Var ⚠️
268,Sandro Mamukelashvili,LAL,FC,8.5,8.5,a,Normal,Normal,0.0,0.0,0.0,0.0,0.0,0.0,0.0,0.0,0.0,0.0,0.0,0.0,0.0,0.0,0,1,0,1,0,1,0,1,1,0,1,0,1,3,Yok,4,Var ⚠️,4,Var ⚠️,3,Yok,3,Var ⚠️
269,Walker Kessler,LAL,FC,11.0,11.0,a,Normal,Normal,0.0,0.0,0.0,0.0,0.0,0.0,0.0,0.0,0.0,0.0,0.0,0.0,0.0,0.0,0,1,0,1,0,1,0,1,1,0,1,0,1,3,Yok,4,Var ⚠️,4,Var ⚠️,3,Yok,3,Var ⚠️
270,Cameron Carr,LAL,BC,5.5,5.5,a,Normal,Normal,0.0,0.0,0.0,0.0,0.0,0.0,0.0,0.0,0.0,0.0,0.0,0.0,0.0,0.0,0,1,0,1,0,1,0,1,1,0,1,0,1,3,Yok,4,Var ⚠️,4,Var ⚠️,3,Yok,3,Var ⚠️
271,Jaden Hardy,LAL,BC,5.0,5.0,a,Normal,Normal,0.0,0.0,0.0,0.0,0.0,0.0,0.0,0.0,0.0,0.0,0.0,0.0,0.0,0.0,0,1,0,1,0,1,0,1,1,0,1,0,1,3,Yok,4,Var ⚠️,4,Var ⚠️,3,Yok,3,Var ⚠️
272,Arthur Kaluma,LAL,FC,4.5,4.5,a,Normal,Normal,0.0,0.0,0.0,0.0,0.0,0.0,0.0,0.0,0.0,0.0,0.0,0.0,0.0,0.0,0,1,0,1,0,1,0,1,1,0,1,0,1,3,Yok,4,Var ⚠️,4,Var ⚠️,3,Yok,3,Var ⚠️
273,AK Okereke,LAL,FC,4.5,4.5,a,Normal,Normal,0.0,0.0,0.0,0.0,0.0,0.0,0.0,0.0,0.0,0.0,0.0,0.0,0.0,0.0,0,1,0,1,0,1,0,1,1,0,1,0,1,3,Yok,4,Var ⚠️,4,Var ⚠️,3,Yok,3,Var ⚠️
276,Isaiah Stewart,MEM,FC,7.5,7.5,a,Normal,Normal,0.0,0.0,0.0,0.0,0.0,0.0,0.0,0.0,0.0,0.0,0.0,0.0,0.0,0.0,0,1,0,1,0,1,1,0,0,1,0,1,0,3,Yok,3,Yok,3,Var ⚠️,4,Var ⚠️,4,Var ⚠️
277,Quinten Post,MEM,FC,6.0,6.0,a,Normal,Normal,0.0,0.0,0.0,0.0,0.0,0.0,0.0,0.0,0.0,0.0,0.0,0.0,0.0,0.0,0,1,0,1,0,1,1,0,0,1,0,1,0,3,Yok,3,Yok,3,Var ⚠️,4,Var ⚠️,4,Var ⚠️
278,Olivier-Maxence Prosper,MEM,FC,5.5,5.5,a,Normal,Normal,0.0,0.0,0.0,0.0,0.0,0.0,0.0,0.0,0.0,0.0,0.0,0.0,0.0,0.0,0,1,0,1,0,1,1,0,0,1,0,1,0,3,Yok,3,Yok,3,Var ⚠️,4,Var ⚠️,4,Var ⚠️
279,Ty Jerome,MEM,BC,9.5,9.5,a,Normal,Normal,0.0,0.0,0.0,0.0,0.0,0.0,0.0,0.0,0.0,0.0,0.0,0.0,0.0,0.0,0,1,0,1,0,1,1,0,0,1,0,1,0,3,Yok,3,Yok,3,Var ⚠️,4,Var ⚠️,4,Var ⚠️
280,Scotty Pippen Jr.,MEM,BC,9.5,9.5,d,Şüpheli (%75),Normal,0.0,0.0,0.0,0.0,0.0,0.0,0.0,0.0,0.0,0.0,0.0,0.0,0.0,0.0,0,1,0,1,0,1,1,0,0,1,0,1,0,3,Yok,3,Yok,3,Var ⚠️,4,Var ⚠️,4,Var ⚠️
281,GG Jackson,MEM,FC,8.5,8.5,a,Normal,Normal,0.0,0.0,0.0,0.0,0.0,0.0,0.0,0.0,0.0,0.0,0.0,0.0,0.0,0.0,0,1,0,1,0,1,1,0,0,1,0,1,0,3,Yok,3,Yok,3,Var ⚠️,4,Var ⚠️,4,Var ⚠️
282,Zach Edey,MEM,FC,10.0,10.0,d,Şüpheli (%75),Normal,0.0,0.0,0.0,0.0,0.0,0.0,0.0,0.0,0.0,0.0,0.0,0.0,0.0,0.0,0,1,0,1,0,1,1,0,0,1,0,1,0,3,Yok,3,Yok,3,Var ⚠️,4,Var ⚠️,4,Var ⚠️
283,Cam Spencer,MEM,BC,7.0,7.0,a,Normal,Normal,0.0,0.0,0.0,0.0,0.0,0.0,0.0,0.0,0.0,0.0,0.0,0.0,0.0,0.0,0,1,0,1,0,1,1,0,0,1,0,1,0,3,Yok,3,Yok,3,Var ⚠️,4,Var ⚠️,4,Var ⚠️
284,Jaylen Wells,MEM,FC,7.5,7.5,d,Şüpheli (%75),Normal,0.0,0.0,0.0,0.0,0.0,0.0,0.0,0.0,0.0,0.0,0.0,0.0,0.0,0.0,0,1,0,1,0,1,1,0,0,1,0,1,0,3,Yok,3,Yok,3,Var ⚠️,4,Var ⚠️,4,Var ⚠️
285,Cedric Coward,MEM,BC,11.0,11.0,a,Normal,Normal,0.0,0.0,0.0,0.0,0.0,0.0,0.0,0.0,0.0,0.0,0.0,0.0,0.0,0.0,0,1,0,1,0,1,1,0,0,1,0,1,0,3,Yok,3,Yok,3,Var ⚠️,4,Var ⚠️,4,Var ⚠️
286,Javon Small,MEM,BC,7.5,7.5,a,Normal,Normal,0.0,0.0,0.0,0.0,0.0,0.0,0.0,0.0,0.0,0.0,0.0,0.0,0.0,0.0,0,1,0,1,0,1,1,0,0,1,0,1,0,3,Yok,3,Yok,3,Var ⚠️,4,Var ⚠️,4,Var ⚠️
287,Jordan Hawkins,MEM,BC,5.0,5.0,a,Normal,Normal,0.0,0.0,0.0,0.0,0.0,0.0,0.0,0.0,0.0,0.0,0.0,0.0,0.0,0.0,0,1,0,1,0,1,1,0,0,1,0,1,0,3,Yok,3,Yok,3,Var ⚠️,4,Var ⚠️,4,Var ⚠️
288,Micah Peavy,MEM,BC,5.0,5.0,d,Şüpheli (%75),Normal,0.0,0.0,0.0,0.0,0.0,0.0,0.0,0.0,0.0,0.0,0.0,0.0,0.0,0.0,0,1,0,1,0,1,1,0,0,1,0,1,0,3,Yok,3,Yok,3,Var ⚠️,4,Var ⚠️,4,Var ⚠️
289,Jerami Grant,MEM,FC,9.0,9.0,a,Normal,Normal,0.0,0.0,0.0,0.0,0.0,0.0,0.0,0.0,0.0,0.0,0.0,0.0,0.0,0.0,0,1,0,1,0,1,1,0,0,1,0,1,0,3,Yok,3,Yok,3,Var ⚠️,4,Var ⚠️,4,Var ⚠️
290,Kris Murray,MEM,FC,5.0,5.0,a,Normal,Normal,0.0,0.0,0.0,0.0,0.0,0.0,0.0,0.0,0.0,0.0,0.0,0.0,0.0,0.0,0,1,0,1,0,1,1,0,0,1,0,1,0,3,Yok,3,Yok,3,Var ⚠️,4,Var ⚠️,4,Var ⚠️
291,Cameron Boozer,MEM,FC,11.5,11.5,a,Normal,Normal,0.0,0.0,0.0,0.0,0.0,0.0,0.0,0.0,0.0,0.0,0.0,0.0,0.0,0.0,0,1,0,1,0,1,1,0,0,1,0,1,0,3,Yok,3,Yok,3,Var ⚠️,4,Var ⚠️,4,Var ⚠️
292,Walter Clayton Jr.,MEM,BC,6.0,6.0,d,Şüpheli (%75),Normal,0.0,0.0,0.0,0.0,0.0,0.0,0.0,0.0,0.0,0.0,0.0,0.0,0.0,0.0,0,1,0,1,0,1,1,0,0,1,0,1,0,3,Yok,3,Yok,3,Var ⚠️,4,Var ⚠️,4,Var ⚠️
293,Taylor Hendricks,MEM,FC,6.0,6.0,a,Normal,Normal,0.0,0.0,0.0,0.0,0.0,0.0,0.0,0.0,0.0,0.0,0.0,0.0,0.0,0.0,0,1,0,1,0,1,1,0,0,1,0,1,0,3,Yok,3,Yok,3,Var ⚠️,4,Var ⚠️,4,Var ⚠️
294,Karim Lopez,MEM,FC,5.5,5.5,d,Şüpheli (%75),Normal,0.0,0.0,0.0,0.0,0.0,0.0,0.0,0.0,0.0,0.0,0.0,0.0,0.0,0.0,0,1,0,1,0,1,1,0,0,1,0,1,0,3,Yok,3,Yok,3,Var ⚠️,4,Var ⚠️,4,Var ⚠️
295,Jahmai Mashack,MEM,BC,5.0,5.0,a,Normal,Normal,0.0,0.0,0.0,0.0,0.0,0.0,0.0,0.0,0.0,0.0,0.0,0.0,0.0,0.0,0,1,0,1,0,1,1,0,0,1,0,1,0,3,Yok,3,Yok,3,Var ⚠️,4,Var ⚠️,4,Var ⚠️
297,Klay Thompson,MIA,BC,8.0,8.0,a,Normal,Normal,0.0,0.0,0.0,0.0,0.0,0.0,0.0,0.0,0.0,0.0,0.0,0.0,0.0,0.0,0,1,0,1,1,0,1,0,1,0,1,0,0,3,Var ⚠️,3,Yok,4,Var ⚠️,3,Var ⚠️,3,Yok
298,Tim Hardaway Jr.,MIA,BC,7.5,7.5,a,Normal,Normal,0.0,0.0,0.0,0.0,0.0,0.0,0.0,0.0,0.0,0.0,0.0,0.0,0.0,0.0,0,1,0,1,1,0,1,0,1,0,1,0,0,3,Var ⚠️,3,Yok,4,Var ⚠️,3,Var ⚠️,3,Yok
299,Simone Fontecchio,MIA,FC,5.5,5.5,a,Normal,Normal,0.0,0.0,0.0,0.0,0.0,0.0,0.0,0.0,0.0,0.0,0.0,0.0,0.0,0.0,0,1,0,1,1,0,1,0,1,0,1,0,0,3,Var ⚠️,3,Yok,4,Var ⚠️,3,Var ⚠️,3,Yok
300,Andrew Wiggins,MIA,FC,11.0,11.0,a,Normal,Normal,0.0,0.0,0.0,0.0,0.0,0.0,0.0,0.0,0.0,0.0,0.0,0.0,0.0,0.0,0,1,0,1,1,0,1,0,1,0,1,0,0,3,Var ⚠️,3,Yok,4,Var ⚠️,3,Var ⚠️,3,Yok
301,Dru Smith,MIA,BC,5.0,5.0,a,Normal,Normal,0.0,0.0,0.0,0.0,0.0,0.0,0.0,0.0,0.0,0.0,0.0,0.0,0.0,0.0,0,1,0,1,1,0,1,0,1,0,1,0,0,3,Var ⚠️,3,Yok,4,Var ⚠️,3,Var ⚠️,3,Yok
302,Bam Adebayo,MIA,FC,15.0,15.0,a,Normal,Normal,0.0,0.0,0.0,0.0,0.0,0.0,0.0,0.0,0.0,0.0,0.0,0.0,0.0,0.0,0,1,0,1,1,0,1,0,1,0,1,0,0,3,Var ⚠️,3,Yok,4,Var ⚠️,3,Var ⚠️,3,Yok
303,Nikola Jovic,MIA,FC,8.0,8.0,a,Normal,Normal,0.0,0.0,0.0,0.0,0.0,0.0,0.0,0.0,0.0,0.0,0.0,0.0,0.0,0.0,0,1,0,1,1,0,1,0,1,0,1,0,0,3,Var ⚠️,3,Yok,4,Var ⚠️,3,Var ⚠️,3,Yok
304,Keshad Johnson,MIA,FC,4.5,4.5,a,Normal,Normal,0.0,0.0,0.0,0.0,0.0,0.0,0.0,0.0,0.0,0.0,0.0,0.0,0.0,0.0,0,1,0,1,1,0,1,0,1,0,1,0,0,3,Var ⚠️,3,Yok,4,Var ⚠️,3,Var ⚠️,3,Yok
305,Pelle Larsson,MIA,BC,7.5,7.5,a,Normal,Normal,0.0,0.0,0.0,0.0,0.0,0.0,0.0,0.0,0.0,0.0,0.0,0.0,0.0,0.0,0,1,0,1,1,0,1,0,1,0,1,0,0,3,Var ⚠️,3,Yok,4,Var ⚠️,3,Var ⚠️,3,Yok
306,Davion Mitchell,MIA,BC,9.5,9.5,a,Normal,Normal,0.0,0.0,0.0,0.0,0.0,0.0,0.0,0.0,0.0,0.0,0.0,0.0,0.0,0.0,0,1,0,1,1,0,1,0,1,0,1,0,0,3,Var ⚠️,3,Yok,4,Var ⚠️,3,Var ⚠️,3,Yok
307,Myron Gardner,MIA,FC,4.5,4.5,d,Şüpheli (%75),Normal,0.0,0.0,0.0,0.0,0.0,0.0,0.0,0.0,0.0,0.0,0.0,0.0,0.0,0.0,0,1,0,1,1,0,1,0,1,0,1,0,0,3,Var ⚠️,3,Yok,4,Var ⚠️,3,Var ⚠️,3,Yok
308,Vladislav Goldin,MIA,FC,4.5,4.5,a,Normal,Normal,0.0,0.0,0.0,0.0,0.0,0.0,0.0,0.0,0.0,0.0,0.0,0.0,0.0,0.0,0,1,0,1,1,0,1,0,1,0,1,0,0,3,Var ⚠️,3,Yok,4,Var ⚠️,3,Var ⚠️,3,Yok
309,Giannis Antetokounmpo,MIA,FC,18.5,18.5,a,Normal,Normal,0.0,0.0,0.0,0.0,0.0,0.0,0.0,0.0,0.0,0.0,0.0,0.0,0.0,0.0,0,1,0,1,1,0,1,0,1,0,1,0,0,3,Var ⚠️,3,Yok,4,Var ⚠️,3,Var ⚠️,3,Yok
310,Bobby Portis,MIA,FC,8.0,8.0,a,Normal,Normal,0.0,0.0,0.0,0.0,0.0,0.0,0.0,0.0,0.0,0.0,0.0,0.0,0.0,0.0,0,1,0,1,1,0,1,0,1,0,1,0,0,3,Var ⚠️,3,Yok,4,Var ⚠️,3,Var ⚠️,3,Yok
311,Ryan Conwell,MIA,BC,4.5,4.5,d,Şüpheli (%75),Normal,0.0,0.0,0.0,0.0,0.0,0.0,0.0,0.0,0.0,0.0,0.0,0.0,0.0,0.0,0,1,0,1,1,0,1,0,1,0,1,0,0,3,Var ⚠️,3,Yok,4,Var ⚠️,3,Var ⚠️,3,Yok
312,Tre Donaldson,MIA,BC,4.5,4.5,a,Normal,Normal,0.0,0.0,0.0,0.0,0.0,0.0,0.0,0.0,0.0,0.0,0.0,0.0,0.0,0.0,0,1,0,1,1,0,1,0,1,0,1,0,0,3,Var ⚠️,3,Yok,4,Var ⚠️,3,Var ⚠️,3,Yok
313,J'Vonne Hadley,MIA,FC,4.5,4.5,a,Normal,Normal,0.0,0.0,0.0,0.0,0.0,0.0,0.0,0.0,0.0,0.0,0.0,0.0,0.0,0.0,0,1,0,1,1,0,1,0,1,0,1,0,0,3,Var ⚠️,3,Yok,4,Var ⚠️,3,Var ⚠️,3,Yok
314,Nick Richards,MIA,FC,6.5,6.5,a,Normal,Normal,0.0,0.0,0.0,0.0,0.0,0.0,0.0,0.0,0.0,0.0,0.0,0.0,0.0,0.0,0,1,0,1,1,0,1,0,1,0,1,0,0,3,Var ⚠️,3,Yok,4,Var ⚠️,3,Var ⚠️,3,Yok
315,Caris LeVert,MIL,BC,7.0,7.0,a,Normal,Normal,0.0,0.0,0.0,0.0,0.0,0.0,0.0,0.0,0.0,0.0,0.0,0.0,0.0,0.0,0,1,0,1,1,0,1,0,1,0,0,1,0,3,Var ⚠️,3,Yok,4,Var ⚠️,4,Var ⚠️,3,Var ⚠️
316,Kam Jones,MIL,BC,5.0,5.0,a,Normal,Normal,0.0,0.0,0.0,0.0,0.0,0.0,0.0,0.0,0.0,0.0,0.0,0.0,0.0,0.0,0,1,0,1,1,0,1,0,1,0,0,1,0,3,Var ⚠️,3,Yok,4,Var ⚠️,4,Var ⚠️,3,Var ⚠️
317,Tyler Herro,MIL,BC,12.5,12.5,d,Şüpheli (%75),Normal,0.0,0.0,0.0,0.0,0.0,0.0,0.0,0.0,0.0,0.0,0.0,0.0,0.0,0.0,0,1,0,1,1,0,1,0,1,0,0,1,0,3,Var ⚠️,3,Yok,4,Var ⚠️,4,Var ⚠️,3,Var ⚠️
318,Jaime Jaquez Jr.,MIL,FC,10.0,10.0,a,Normal,Normal,0.0,0.0,0.0,0.0,0.0,0.0,0.0,0.0,0.0,0.0,0.0,0.0,0.0,0.0,0,1,0,1,1,0,1,0,1,0,0,1,0,3,Var ⚠️,3,Yok,4,Var ⚠️,4,Var ⚠️,3,Var ⚠️
319,Kel'el Ware,MIL,FC,9.5,9.5,a,Normal,Normal,0.0,0.0,0.0,0.0,0.0,0.0,0.0,0.0,0.0,0.0,0.0,0.0,0.0,0.0,0,1,0,1,1,0,1,0,1,0,0,1,0,3,Var ⚠️,3,Yok,4,Var ⚠️,4,Var ⚠️,3,Var ⚠️
320,Kasparas Jakučionis,MIL,BC,7.0,7.0,a,Normal,Normal,0.0,0.0,0.0,0.0,0.0,0.0,0.0,0.0,0.0,0.0,0.0,0.0,0.0,0.0,0,1,0,1,1,0,1,0,1,0,0,1,0,3,Var ⚠️,3,Yok,4,Var ⚠️,4,Var ⚠️,3,Var ⚠️
321,Myles Turner,MIL,FC,11.0,11.0,a,Normal,Normal,0.0,0.0,0.0,0.0,0.0,0.0,0.0,0.0,0.0,0.0,0.0,0.0,0.0,0.0,0,1,0,1,1,0,1,0,1,0,0,1,0,3,Var ⚠️,3,Yok,4,Var ⚠️,4,Var ⚠️,3,Var ⚠️
322,Pete Nance,MIL,FC,4.5,4.5,a,Normal,Normal,0.0,0.0,0.0,0.0,0.0,0.0,0.0,0.0,0.0,0.0,0.0,0.0,0.0,0.0,0,1,0,1,1,0,1,0,1,0,0,1,0,3,Var ⚠️,3,Yok,4,Var ⚠️,4,Var ⚠️,3,Var ⚠️
323,Kevin Porter Jr.,MIL,BC,10.0,10.0,d,Şüpheli (%75),Normal,0.0,0.0,0.0,0.0,0.0,0.0,0.0,0.0,0.0,0.0,0.0,0.0,0.0,0.0,0,1,0,1,1,0,1,0,1,0,0,1,0,3,Var ⚠️,3,Yok,4,Var ⚠️,4,Var ⚠️,3,Var ⚠️
324,A.J. Green,MIL,BC,5.5,5.5,a,Normal,Normal,0.0,0.0,0.0,0.0,0.0,0.0,0.0,0.0,0.0,0.0,0.0,0.0,0.0,0.0,0,1,0,1,1,0,1,0,1,0,0,1,0,3,Var ⚠️,3,Yok,4,Var ⚠️,4,Var ⚠️,3,Var ⚠️
325,Ryan Rollins,MIL,BC,12.5,12.5,a,Normal,Normal,0.0,0.0,0.0,0.0,0.0,0.0,0.0,0.0,0.0,0.0,0.0,0.0,0.0,0.0,0,1,0,1,1,0,1,0,1,0,0,1,0,3,Var ⚠️,3,Yok,4,Var ⚠️,4,Var ⚠️,3,Var ⚠️
326,Gary Trent Jr.,MIL,BC,7.5,7.5,a,Normal,Normal,0.0,0.0,0.0,0.0,0.0,0.0,0.0,0.0,0.0,0.0,0.0,0.0,0.0,0.0,0,1,0,1,1,0,1,0,1,0,0,1,0,3,Var ⚠️,3,Yok,4,Var ⚠️,4,Var ⚠️,3,Var ⚠️
327,Jericho Sims,MIL,FC,5.0,5.0,a,Normal,Normal,0.0,0.0,0.0,0.0,0.0,0.0,0.0,0.0,0.0,0.0,0.0,0.0,0.0,0.0,0,1,0,1,1,0,1,0,1,0,0,1,0,3,Var ⚠️,3,Yok,4,Var ⚠️,4,Var ⚠️,3,Var ⚠️
328,Kyle Kuzma,MIL,FC,9.5,9.5,a,Normal,Normal,0.0,0.0,0.0,0.0,0.0,0.0,0.0,0.0,0.0,0.0,0.0,0.0,0.0,0.0,0,1,0,1,1,0,1,0,1,0,0,1,0,3,Var ⚠️,3,Yok,4,Var ⚠️,4,Var ⚠️,3,Var ⚠️
329,Cormac Ryan,MIL,BC,4.5,4.5,a,Normal,Normal,0.0,0.0,0.0,0.0,0.0,0.0,0.0,0.0,0.0,0.0,0.0,0.0,0.0,0.0,0,1,0,1,1,0,1,0,1,0,0,1,0,3,Var ⚠️,3,Yok,4,Var ⚠️,4,Var ⚠️,3,Var ⚠️
330,Nate Ament,MIL,FC,6.5,6.5,a,Normal,Normal,0.0,0.0,0.0,0.0,0.0,0.0,0.0,0.0,0.0,0.0,0.0,0.0,0.0,0.0,0,1,0,1,1,0,1,0,1,0,0,1,0,3,Var ⚠️,3,Yok,4,Var ⚠️,4,Var ⚠️,3,Var ⚠️
331,Brayden Burries,MIL,BC,7.0,7.0,a,Normal,Normal,0.0,0.0,0.0,0.0,0.0,0.0,0.0,0.0,0.0,0.0,0.0,0.0,0.0,0.0,0,1,0,1,1,0,1,0,1,0,0,1,0,3,Var ⚠️,3,Yok,4,Var ⚠️,4,Var ⚠️,3,Var ⚠️
332,John Butler Jr.,MIL,FC,4.5,4.5,a,Normal,Normal,0.0,0.0,0.0,0.0,0.0,0.0,0.0,0.0,0.0,0.0,0.0,0.0,0.0,0.0,0,1,0,1,1,0,1,0,1,0,0,1,0,3,Var ⚠️,3,Yok,4,Var ⚠️,4,Var ⚠️,3,Var ⚠️
333,Ousmane Dieng,MIL,FC,7.5,7.5,a,Normal,Normal,0.0,0.0,0.0,0.0,0.0,0.0,0.0,0.0,0.0,0.0,0.0,0.0,0.0,0.0,0,1,0,1,1,0,1,0,1,0,0,1,0,3,Var ⚠️,3,Yok,4,Var ⚠️,4,Var ⚠️,3,Var ⚠️
334,Bogoljub Marković,MIL,FC,4.5,4.5,a,Normal,Normal,0.0,0.0,0.0,0.0,0.0,0.0,0.0,0.0,0.0,0.0,0.0,0.0,0.0,0.0,0,1,0,1,1,0,1,0,1,0,0,1,0,3,Var ⚠️,3,Yok,4,Var ⚠️,4,Var ⚠️,3,Var ⚠️
335,Jake Stephens,MIL,FC,4.5,4.5,a,Normal,Normal,0.0,0.0,0.0,0.0,0.0,0.0,0.0,0.0,0.0,0.0,0.0,0.0,0.0,0.0,0,1,0,1,1,0,1,0,1,0,0,1,0,3,Var ⚠️,3,Yok,4,Var ⚠️,4,Var ⚠️,3,Var ⚠️
336,LaMelo Ball,MIN,BC,15.0,15.0,a,Normal,Normal,0.0,0.0,0.0,0.0,0.0,0.0,0.0,0.0,0.0,0.0,0.0,0.0,0.0,0.0,0,1,0,1,0,1,1,0,1,0,1,1,0,3,Yok,4,Var ⚠️,4,Var ⚠️,2,Yok,4,Var ⚠️
337,Ayo Dosunmu,MIN,BC,10.0,10.0,a,Normal,Normal,0.0,0.0,0.0,0.0,0.0,0.0,0.0,0.0,0.0,0.0,0.0,0.0,0.0,0.0,0,1,0,1,0,1,1,0,1,0,1,1,0,3,Yok,4,Var ⚠️,4,Var ⚠️,2,Yok,4,Var ⚠️
338,Zyon Pullin,MIN,BC,4.5,4.5,a,Normal,Normal,0.0,0.0,0.0,0.0,0.0,0.0,0.0,0.0,0.0,0.0,0.0,0.0,0.0,0.0,0,1,0,1,0,1,1,0,1,0,1,1,0,3,Yok,4,Var ⚠️,4,Var ⚠️,2,Yok,4,Var ⚠️
339,Enrique Freeman,MIN,FC,4.5,4.5,a,Normal,Normal,0.0,0.0,0.0,0.0,0.0,0.0,0.0,0.0,0.0,0.0,0.0,0.0,0.0,0.0,0,1,0,1,0,1,1,0,1,0,1,1,0,3,Yok,4,Var ⚠️,4,Var ⚠️,2,Yok,4,Var ⚠️
340,Bones Hyland,MIN,BC,5.0,5.0,a,Normal,Normal,0.0,0.0,0.0,0.0,0.0,0.0,0.0,0.0,0.0,0.0,0.0,0.0,0.0,0.0,0,1,0,1,0,1,1,0,1,0,1,1,0,3,Yok,4,Var ⚠️,4,Var ⚠️,2,Yok,4,Var ⚠️
341,Rudy Gobert,MIN,FC,11.5,11.5,a,Normal,Normal,0.0,0.0,0.0,0.0,0.0,0.0,0.0,0.0,0.0,0.0,0.0,0.0,0.0,0.0,0,1,0,1,0,1,1,0,1,0,1,1,0,3,Yok,4,Var ⚠️,4,Var ⚠️,2,Yok,4,Var ⚠️
342,Anthony Edwards,MIN,BC,16.5,16.5,a,Normal,Normal,0.0,0.0,0.0,0.0,0.0,0.0,0.0,0.0,0.0,0.0,0.0,0.0,0.0,0.0,0,1,0,1,0,1,1,0,1,0,1,1,0,3,Yok,4,Var ⚠️,4,Var ⚠️,2,Yok,4,Var ⚠️
343,Jaden McDaniels,MIN,FC,10.5,10.5,a,Normal,Normal,0.0,0.0,0.0,0.0,0.0,0.0,0.0,0.0,0.0,0.0,0.0,0.0,0.0,0.0,0,1,0,1,0,1,1,0,1,0,1,1,0,3,Yok,4,Var ⚠️,4,Var ⚠️,2,Yok,4,Var ⚠️
344,Jaylen Clark,MIN,BC,4.5,4.5,a,Normal,Normal,0.0,0.0,0.0,0.0,0.0,0.0,0.0,0.0,0.0,0.0,0.0,0.0,0.0,0.0,0,1,0,1,0,1,1,0,1,0,1,1,0,3,Yok,4,Var ⚠️,4,Var ⚠️,2,Yok,4,Var ⚠️
345,Terrence Shannon Jr.,MIN,BC,5.0,5.0,a,Normal,Normal,0.0,0.0,0.0,0.0,0.0,0.0,0.0,0.0,0.0,0.0,0.0,0.0,0.0,0.0,0,1,0,1,0,1,1,0,1,0,1,1,0,3,Yok,4,Var ⚠️,4,Var ⚠️,2,Yok,4,Var ⚠️
346,Donte DiVincenzo,MIN,BC,10.0,10.0,i,Sakat,Normal,0.0,0.0,0.0,0.0,0.0,0.0,0.0,0.0,0.0,0.0,0.0,0.0,0.0,0.0,0,1,0,1,0,1,1,0,1,0,1,1,0,3,Yok,4,Var ⚠️,4,Var ⚠️,2,Yok,4,Var ⚠️
347,Joan Beringer,MIN,FC,6.5,6.5,a,Normal,Normal,0.0,0.0,0.0,0.0,0.0,0.0,0.0,0.0,0.0,0.0,0.0,0.0,0.0,0.0,0,1,0,1,0,1,1,0,1,0,1,1,0,3,Yok,4,Var ⚠️,4,Var ⚠️,2,Yok,4,Var ⚠️
348,Rocco Zikarsky,MIN,FC,4.5,4.5,a,Normal,Normal,0.0,0.0,0.0,0.0,0.0,0.0,0.0,0.0,0.0,0.0,0.0,0.0,0.0,0.0,0,1,0,1,0,1,1,0,1,0,1,1,0,3,Yok,4,Var ⚠️,4,Var ⚠️,2,Yok,4,Var ⚠️
349,Cody Williams,MIN,FC,5.5,5.5,a,Normal,Normal,0.0,0.0,0.0,0.0,0.0,0.0,0.0,0.0,0.0,0.0,0.0,0.0,0.0,0.0,0,1,0,1,0,1,1,0,1,0,1,1,0,3,Yok,4,Var ⚠️,4,Var ⚠️,2,Yok,4,Var ⚠️
350,Isaiah Evans,MIN,FC,4.5,4.5,a,Normal,Normal,0.0,0.0,0.0,0.0,0.0,0.0,0.0,0.0,0.0,0.0,0.0,0.0,0.0,0.0,0,1,0,1,0,1,1,0,1,0,1,1,0,3,Yok,4,Var ⚠️,4,Var ⚠️,2,Yok,4,Var ⚠️
351,Jonathan Kuminga,MIN,FC,8.5,8.5,a,Normal,Normal,0.0,0.0,0.0,0.0,0.0,0.0,0.0,0.0,0.0,0.0,0.0,0.0,0.0,0.0,0,1,0,1,0,1,1,0,1,0,1,1,0,3,Yok,4,Var ⚠️,4,Var ⚠️,2,Yok,4,Var ⚠️
352,Trey Lyles,MIN,FC,5.0,5.0,a,Normal,Normal,0.0,0.0,0.0,0.0,0.0,0.0,0.0,0.0,0.0,0.0,0.0,0.0,0.0,0.0,0,1,0,1,0,1,1,0,1,0,1,1,0,3,Yok,4,Var ⚠️,4,Var ⚠️,2,Yok,4,Var ⚠️
354,Bennedict Mathurin,NOP,BC,9.0,9.0,a,Normal,Normal,0.0,0.0,0.0,0.0,0.0,0.0,0.0,0.0,0.0,0.0,0.0,0.0,0.0,0.0,0,1,0,1,1,0,0,0,1,1,0,1,0,3,Var ⚠️,3,Var ⚠️,4,Var ⚠️,4,Var ⚠️,4,Var ⚠️
355,Caleb Houstan,NOP,BC,4.5,4.5,a,Normal,Normal,0.0,0.0,0.0,0.0,0.0,0.0,0.0,0.0,0.0,0.0,0.0,0.0,0.0,0.0,0,1,0,1,1,0,0,0,1,1,0,1,0,3,Var ⚠️,3,Var ⚠️,4,Var ⚠️,4,Var ⚠️,4,Var ⚠️
356,Kobe Bufkin,NOP,BC,4.5,4.5,a,Normal,Normal,0.0,0.0,0.0,0.0,0.0,0.0,0.0,0.0,0.0,0.0,0.0,0.0,0.0,0.0,0,1,0,1,1,0,0,0,1,1,0,1,0,3,Var ⚠️,3,Var ⚠️,4,Var ⚠️,4,Var ⚠️,4,Var ⚠️
357,Christian Koloko,NOP,FC,4.5,4.5,a,Normal,Normal,0.0,0.0,0.0,0.0,0.0,0.0,0.0,0.0,0.0,0.0,0.0,0.0,0.0,0.0,0,1,0,1,1,0,0,0,1,1,0,1,0,3,Var ⚠️,3,Var ⚠️,4,Var ⚠️,4,Var ⚠️,4,Var ⚠️
358,Dejounte Murray,NOP,BC,13.0,13.0,a,Normal,Normal,0.0,0.0,0.0,0.0,0.0,0.0,0.0,0.0,0.0,0.0,0.0,0.0,0.0,0.0,0,1,0,1,1,0,0,0,1,1,0,1,0,3,Var ⚠️,3,Var ⚠️,4,Var ⚠️,4,Var ⚠️,4,Var ⚠️
359,Zion Williamson,NOP,FC,13.0,13.0,a,Normal,Normal,0.0,0.0,0.0,0.0,0.0,0.0,0.0,0.0,0.0,0.0,0.0,0.0,0.0,0.0,0,1,0,1,1,0,0,0,1,1,0,1,0,3,Var ⚠️,3,Var ⚠️,4,Var ⚠️,4,Var ⚠️,4,Var ⚠️
360,Herbert Jones,NOP,FC,8.0,8.0,a,Normal,Normal,0.0,0.0,0.0,0.0,0.0,0.0,0.0,0.0,0.0,0.0,0.0,0.0,0.0,0.0,0,1,0,1,1,0,0,0,1,1,0,1,0,3,Var ⚠️,3,Var ⚠️,4,Var ⚠️,4,Var ⚠️,4,Var ⚠️
361,Trey Murphy III,NOP,FC,13.0,13.0,a,Normal,Normal,0.0,0.0,0.0,0.0,0.0,0.0,0.0,0.0,0.0,0.0,0.0,0.0,0.0,0.0,0,1,0,1,1,0,0,0,1,1,0,1,0,3,Var ⚠️,3,Var ⚠️,4,Var ⚠️,4,Var ⚠️,4,Var ⚠️
362,Karlo Matkovic,NOP,FC,6.0,6.0,a,Normal,Normal,0.0,0.0,0.0,0.0,0.0,0.0,0.0,0.0,0.0,0.0,0.0,0.0,0.0,0.0,0,1,0,1,1,0,0,0,1,1,0,1,0,3,Var ⚠️,3,Var ⚠️,4,Var ⚠️,4,Var ⚠️,4,Var ⚠️
363,Yves Missi,NOP,FC,8.0,8.0,a,Normal,Normal,0.0,0.0,0.0,0.0,0.0,0.0,0.0,0.0,0.0,0.0,0.0,0.0,0.0,0.0,0,1,0,1,1,0,0,0,1,1,0,1,0,3,Var ⚠️,3,Var ⚠️,4,Var ⚠️,4,Var ⚠️,4,Var ⚠️
364,Jeremiah Fears,NOP,BC,9.0,9.0,a,Normal,Normal,0.0,0.0,0.0,0.0,0.0,0.0,0.0,0.0,0.0,0.0,0.0,0.0,0.0,0.0,0,1,0,1,1,0,0,0,1,1,0,1,0,3,Var ⚠️,3,Var ⚠️,4,Var ⚠️,4,Var ⚠️,4,Var ⚠️
365,Derik Queen,NOP,FC,11.0,11.0,a,Normal,Normal,0.0,0.0,0.0,0.0,0.0,0.0,0.0,0.0,0.0,0.0,0.0,0.0,0.0,0.0,0,1,0,1,1,0,0,0,1,1,0,1,0,3,Var ⚠️,3,Var ⚠️,4,Var ⚠️,4,Var ⚠️,4,Var ⚠️
366,Bryce McGowens,NOP,BC,5.0,5.0,d,Şüpheli (%75),Normal,0.0,0.0,0.0,0.0,0.0,0.0,0.0,0.0,0.0,0.0,0.0,0.0,0.0,0.0,0,1,0,1,1,0,0,0,1,1,0,1,0,3,Var ⚠️,3,Var ⚠️,4,Var ⚠️,4,Var ⚠️,4,Var ⚠️
367,Saddiq Bey,NOP,FC,10.0,10.0,a,Normal,Normal,0.0,0.0,0.0,0.0,0.0,0.0,0.0,0.0,0.0,0.0,0.0,0.0,0.0,0.0,0,1,0,1,1,0,0,0,1,1,0,1,0,3,Var ⚠️,3,Var ⚠️,4,Var ⚠️,4,Var ⚠️,4,Var ⚠️
368,Jordan Poole,NOP,BC,9.5,9.5,a,Normal,Normal,0.0,0.0,0.0,0.0,0.0,0.0,0.0,0.0,0.0,0.0,0.0,0.0,0.0,0.0,0,1,0,1,1,0,0,0,1,1,0,1,0,3,Var ⚠️,3,Var ⚠️,4,Var ⚠️,4,Var ⚠️,4,Var ⚠️
369,Trendon Watford,NOP,FC,6.0,6.0,a,Normal,Normal,0.0,0.0,0.0,0.0,0.0,0.0,0.0,0.0,0.0,0.0,0.0,0.0,0.0,0.0,0,1,0,1,1,0,0,0,1,1,0,1,0,3,Var ⚠️,3,Var ⚠️,4,Var ⚠️,4,Var ⚠️,4,Var ⚠️
370,Malik Dia,NOP,FC,4.5,4.5,a,Normal,Normal,0.0,0.0,0.0,0.0,0.0,0.0,0.0,0.0,0.0,0.0,0.0,0.0,0.0,0.0,0,1,0,1,1,0,0,0,1,1,0,1,0,3,Var ⚠️,3,Var ⚠️,4,Var ⚠️,4,Var ⚠️,4,Var ⚠️
371,AJ Johnson,NOP,BC,4.5,4.5,a,Normal,Normal,0.0,0.0,0.0,0.0,0.0,0.0,0.0,0.0,0.0,0.0,0.0,0.0,0.0,0.0,0,1,0,1,1,0,0,0,1,1,0,1,0,3,Var ⚠️,3,Var ⚠️,4,Var ⚠️,4,Var ⚠️,4,Var ⚠️
372,DeAndre Jordan,NOP,FC,5.0,5.0,a,Normal,Normal,0.0,0.0,0.0,0.0,0.0,0.0,0.0,0.0,0.0,0.0,0.0,0.0,0.0,0.0,0,1,0,1,1,0,0,0,1,1,0,1,0,3,Var ⚠️,3,Var ⚠️,4,Var ⚠️,4,Var ⚠️,4,Var ⚠️
373,Jaron Pierre Jr.,NOP,BC,4.5,4.5,a,Normal,Normal,0.0,0.0,0.0,0.0,0.0,0.0,0.0,0.0,0.0,0.0,0.0,0.0,0.0,0.0,0,1,0,1,1,0,0,0,1,1,0,1,0,3,Var ⚠️,3,Var ⚠️,4,Var ⚠️,4,Var ⚠️,4,Var ⚠️
375,Bruce Brown,NYK,FC,7.5,7.5,a,Normal,Normal,0.0,0.0,0.0,0.0,0.0,0.0,0.0,0.0,0.0,0.0,0.0,0.0,0.0,0.0,1,0,0,1,0,1,0,1,1,0,1,0,0,3,Yok,3,Var ⚠️,3,Var ⚠️,4,Var ⚠️,4,Var ⚠️
376,Jose Alvarado,NYK,BC,7.0,7.0,a,Normal,Normal,0.0,0.0,0.0,0.0,0.0,0.0,0.0,0.0,0.0,0.0,0.0,0.0,0.0,0.0,1,0,0,1,0,1,0,1,1,0,1,0,0,3,Yok,3,Var ⚠️,3,Var ⚠️,4,Var ⚠️,4,Var ⚠️
377,Karl-Anthony Towns,NYK,FC,14.5,14.5,a,Normal,Normal,0.0,0.0,0.0,0.0,0.0,0.0,0.0,0.0,0.0,0.0,0.0,0.0,0.0,0.0,1,0,0,1,0,1,0,1,1,0,1,0,0,3,Yok,3,Var ⚠️,3,Var ⚠️,4,Var ⚠️,4,Var ⚠️
378,Mikal Bridges,NYK,FC,11.0,11.0,a,Normal,Normal,0.0,0.0,0.0,0.0,0.0,0.0,0.0,0.0,0.0,0.0,0.0,0.0,0.0,0.0,1,0,0,1,0,1,0,1,1,0,1,0,0,3,Yok,3,Var ⚠️,3,Var ⚠️,4,Var ⚠️,4,Var ⚠️
379,Jalen Brunson,NYK,BC,15.0,15.0,a,Normal,Normal,0.0,0.0,0.0,0.0,0.0,0.0,0.0,0.0,0.0,0.0,0.0,0.0,0.0,0.0,1,0,0,1,0,1,0,1,1,0,1,0,0,3,Yok,3,Var ⚠️,3,Var ⚠️,4,Var ⚠️,4,Var ⚠️
380,Miles McBride,NYK,BC,7.0,7.0,a,Normal,Normal,0.0,0.0,0.0,0.0,0.0,0.0,0.0,0.0,0.0,0.0,0.0,0.0,0.0,0.0,1,0,0,1,0,1,0,1,1,0,1,0,0,3,Yok,3,Var ⚠️,3,Var ⚠️,4,Var ⚠️,4,Var ⚠️
381,Josh Hart,NYK,BC,12.0,12.0,a,Normal,Normal,0.0,0.0,0.0,0.0,0.0,0.0,0.0,0.0,0.0,0.0,0.0,0.0,0.0,0.0,1,0,0,1,0,1,0,1,1,0,1,0,0,3,Yok,3,Var ⚠️,3,Var ⚠️,4,Var ⚠️,4,Var ⚠️
382,OG Anunoby,NYK,FC,11.5,11.5,a,Normal,Normal,0.0,0.0,0.0,0.0,0.0,0.0,0.0,0.0,0.0,0.0,0.0,0.0,0.0,0.0,1,0,0,1,0,1,0,1,1,0,1,0,0,3,Yok,3,Var ⚠️,3,Var ⚠️,4,Var ⚠️,4,Var ⚠️
383,Pacome Dadiet,NYK,FC,4.5,4.5,a,Normal,Normal,0.0,0.0,0.0,0.0,0.0,0.0,0.0,0.0,0.0,0.0,0.0,0.0,0.0,0.0,1,0,0,1,0,1,0,1,1,0,1,0,0,3,Yok,3,Var ⚠️,3,Var ⚠️,4,Var ⚠️,4,Var ⚠️
384,Tyler Kolek,NYK,BC,4.5,4.5,a,Normal,Normal,0.0,0.0,0.0,0.0,0.0,0.0,0.0,0.0,0.0,0.0,0.0,0.0,0.0,0.0,1,0,0,1,0,1,0,1,1,0,1,0,0,3,Yok,3,Var ⚠️,3,Var ⚠️,4,Var ⚠️,4,Var ⚠️
385,Landry Shamet,NYK,BC,5.5,5.5,a,Normal,Normal,0.0,0.0,0.0,0.0,0.0,0.0,0.0,0.0,0.0,0.0,0.0,0.0,0.0,0.0,1,0,0,1,0,1,0,1,1,0,1,0,0,3,Yok,3,Var ⚠️,3,Var ⚠️,4,Var ⚠️,4,Var ⚠️
386,Mohamed Diawara,NYK,FC,4.5,4.5,d,Şüpheli (%75),Normal,0.0,0.0,0.0,0.0,0.0,0.0,0.0,0.0,0.0,0.0,0.0,0.0,0.0,0.0,1,0,0,1,0,1,0,1,1,0,1,0,0,3,Yok,3,Var ⚠️,3,Var ⚠️,4,Var ⚠️,4,Var ⚠️
387,Jordan Clarkson,NYK,BC,6.0,6.0,a,Normal,Normal,0.0,0.0,0.0,0.0,0.0,0.0,0.0,0.0,0.0,0.0,0.0,0.0,0.0,0.0,1,0,0,1,0,1,0,1,1,0,1,0,0,3,Yok,3,Var ⚠️,3,Var ⚠️,4,Var ⚠️,4,Var ⚠️
388,Andre Drummond,NYK,FC,7.5,7.5,a,Normal,Normal,0.0,0.0,0.0,0.0,0.0,0.0,0.0,0.0,0.0,0.0,0.0,0.0,0.0,0.0,1,0,0,1,0,1,0,1,1,0,1,0,0,3,Yok,3,Var ⚠️,3,Var ⚠️,4,Var ⚠️,4,Var ⚠️
389,Ochai Agbaji,NYK,BC,6.0,6.0,a,Normal,Normal,0.0,0.0,0.0,0.0,0.0,0.0,0.0,0.0,0.0,0.0,0.0,0.0,0.0,0.0,1,0,0,1,0,1,0,1,1,0,1,0,0,3,Yok,3,Var ⚠️,3,Var ⚠️,4,Var ⚠️,4,Var ⚠️
390,Drew Eubanks,NYK,FC,5.0,5.0,d,Şüpheli (%75),Normal,0.0,0.0,0.0,0.0,0.0,0.0,0.0,0.0,0.0,0.0,0.0,0.0,0.0,0.0,1,0,0,1,0,1,0,1,1,0,1,0,0,3,Yok,3,Var ⚠️,3,Var ⚠️,4,Var ⚠️,4,Var ⚠️
392,James Wiseman,NYK,FC,4.5,4.5,a,Normal,Normal,0.0,0.0,0.0,0.0,0.0,0.0,0.0,0.0,0.0,0.0,0.0,0.0,0.0,0.0,1,0,0,1,0,1,0,1,1,0,1,0,0,3,Yok,3,Var ⚠️,3,Var ⚠️,4,Var ⚠️,4,Var ⚠️
393,Alex Caruso,OKC,BC,7.5,7.5,a,Normal,Normal,0.0,0.0,0.0,0.0,0.0,0.0,0.0,0.0,0.0,0.0,0.0,0.0,0.0,0.0,1,0,1,0,0,1,1,0,1,0,0,1,0,3,Yok,3,Yok,4,Var ⚠️,4,Var ⚠️,3,Yok
394,Isaiah Hartenstein,OKC,FC,10.5,10.5,d,Şüpheli (%75),Normal,0.0,0.0,0.0,0.0,0.0,0.0,0.0,0.0,0.0,0.0,0.0,0.0,0.0,0.0,1,0,1,0,0,1,1,0,1,0,0,1,0,3,Yok,3,Yok,4,Var ⚠️,4,Var ⚠️,3,Yok
395,Shai Gilgeous-Alexander,OKC,BC,18.5,18.5,a,Normal,Normal,0.0,0.0,0.0,0.0,0.0,0.0,0.0,0.0,0.0,0.0,0.0,0.0,0.0,0.0,1,0,1,0,0,1,1,0,1,0,0,1,0,3,Yok,3,Yok,4,Var ⚠️,4,Var ⚠️,3,Yok
396,Chet Holmgren,OKC,FC,13.0,13.0,a,Normal,Normal,0.0,0.0,0.0,0.0,0.0,0.0,0.0,0.0,0.0,0.0,0.0,0.0,0.0,0.0,1,0,1,0,0,1,1,0,1,0,0,1,0,3,Yok,3,Yok,4,Var ⚠️,4,Var ⚠️,3,Yok
397,Kenrich Williams,OKC,FC,5.0,5.0,a,Normal,Normal,0.0,0.0,0.0,0.0,0.0,0.0,0.0,0.0,0.0,0.0,0.0,0.0,0.0,0.0,1,0,1,0,0,1,1,0,1,0,0,1,0,3,Yok,3,Yok,4,Var ⚠️,4,Var ⚠️,3,Yok
398,Jalen Williams,OKC,BC,13.5,13.5,a,Normal,Normal,0.0,0.0,0.0,0.0,0.0,0.0,0.0,0.0,0.0,0.0,0.0,0.0,0.0,0.0,1,0,1,0,0,1,1,0,1,0,0,1,0,3,Yok,3,Yok,4,Var ⚠️,4,Var ⚠️,3,Yok
399,Jaylin Williams,OKC,FC,6.5,6.5,a,Normal,Normal,0.0,0.0,0.0,0.0,0.0,0.0,0.0,0.0,0.0,0.0,0.0,0.0,0.0,0.0,1,0,1,0,0,1,1,0,1,0,0,1,0,3,Yok,3,Yok,4,Var ⚠️,4,Var ⚠️,3,Yok
400,Cason Wallace,OKC,BC,8.5,8.5,a,Normal,Normal,0.0,0.0,0.0,0.0,0.0,0.0,0.0,0.0,0.0,0.0,0.0,0.0,0.0,0.0,1,0,1,0,0,1,1,0,1,0,0,1,0,3,Yok,3,Yok,4,Var ⚠️,4,Var ⚠️,3,Yok
401,Ajay Mitchell,OKC,BC,9.0,9.0,d,Şüpheli (%75),Normal,0.0,0.0,0.0,0.0,0.0,0.0,0.0,0.0,0.0,0.0,0.0,0.0,0.0,0.0,1,0,1,0,0,1,1,0,1,0,0,1,0,3,Yok,3,Yok,4,Var ⚠️,4,Var ⚠️,3,Yok
402,Nikola Topic,OKC,BC,5.5,5.5,d,Şüpheli (%75),Normal,0.0,0.0,0.0,0.0,0.0,0.0,0.0,0.0,0.0,0.0,0.0,0.0,0.0,0.0,1,0,1,0,0,1,1,0,1,0,0,1,0,3,Yok,3,Yok,4,Var ⚠️,4,Var ⚠️,3,Yok
403,Brooks Barnhizer,OKC,BC,4.5,4.5,a,Normal,Normal,0.0,0.0,0.0,0.0,0.0,0.0,0.0,0.0,0.0,0.0,0.0,0.0,0.0,0.0,1,0,1,0,0,1,1,0,1,0,0,1,0,3,Yok,3,Yok,4,Var ⚠️,4,Var ⚠️,3,Yok
404,Thomas Sorber,OKC,FC,5.0,5.0,d,Şüpheli (%75),Normal,0.0,0.0,0.0,0.0,0.0,0.0,0.0,0.0,0.0,0.0,0.0,0.0,0.0,0.0,1,0,1,0,0,1,1,0,1,0,0,1,0,3,Yok,3,Yok,4,Var ⚠️,4,Var ⚠️,3,Yok
405,Jared McCain,OKC,BC,7.5,7.5,a,Normal,Normal,0.0,0.0,0.0,0.0,0.0,0.0,0.0,0.0,0.0,0.0,0.0,0.0,0.0,0.0,1,0,1,0,0,1,1,0,1,0,0,1,0,3,Yok,3,Yok,4,Var ⚠️,4,Var ⚠️,3,Yok
406,Josh Dix,OKC,BC,4.5,4.5,a,Normal,Normal,0.0,0.0,0.0,0.0,0.0,0.0,0.0,0.0,0.0,0.0,0.0,0.0,0.0,0.0,1,0,1,0,0,1,1,0,1,0,0,1,0,3,Yok,3,Yok,4,Var ⚠️,4,Var ⚠️,3,Yok
407,Aday Mara,OKC,FC,6.0,6.0,a,Normal,Normal,0.0,0.0,0.0,0.0,0.0,0.0,0.0,0.0,0.0,0.0,0.0,0.0,0.0,0.0,1,0,1,0,0,1,1,0,1,0,0,1,0,3,Yok,3,Yok,4,Var ⚠️,4,Var ⚠️,3,Yok
408,Otega Oweh,OKC,BC,4.5,4.5,d,Şüpheli (%75),Normal,0.0,0.0,0.0,0.0,0.0,0.0,0.0,0.0,0.0,0.0,0.0,0.0,0.0,0.0,1,0,1,0,0,1,1,0,1,0,0,1,0,3,Yok,3,Yok,4,Var ⚠️,4,Var ⚠️,3,Yok
409,Bennett Stirtz,OKC,BC,5.5,5.5,a,Normal,Normal,0.0,0.0,0.0,0.0,0.0,0.0,0.0,0.0,0.0,0.0,0.0,0.0,0.0,0.0,1,0,1,0,0,1,1,0,1,0,0,1,0,3,Yok,3,Yok,4,Var ⚠️,4,Var ⚠️,3,Yok
410,Cristoph Tilly,OKC,FC,4.5,4.5,a,Normal,Normal,0.0,0.0,0.0,0.0,0.0,0.0,0.0,0.0,0.0,0.0,0.0,0.0,0.0,0.0,1,0,1,0,0,1,1,0,1,0,0,1,0,3,Yok,3,Yok,4,Var ⚠️,4,Var ⚠️,3,Yok
411,Nikola Vucevic,ORL,FC,10.0,10.0,a,Normal,Normal,0.0,0.0,0.0,0.0,0.0,0.0,0.0,0.0,0.0,0.0,0.0,0.0,0.0,0.0,0,1,0,1,0,1,0,0,1,0,1,0,1,3,Yok,3,Yok,3,Yok,3,Var ⚠️,4,Yok
412,JD Davison,ORL,BC,4.5,4.5,a,Normal,Normal,0.0,0.0,0.0,0.0,0.0,0.0,0.0,0.0,0.0,0.0,0.0,0.0,0.0,0.0,0,1,0,1,0,1,0,0,1,0,1,0,1,3,Yok,3,Yok,3,Yok,3,Var ⚠️,4,Yok
413,Jevon Carter,ORL,BC,5.0,5.0,a,Normal,Normal,0.0,0.0,0.0,0.0,0.0,0.0,0.0,0.0,0.0,0.0,0.0,0.0,0.0,0.0,0,1,0,1,0,1,0,0,1,0,1,0,1,3,Yok,3,Yok,3,Yok,3,Var ⚠️,4,Yok
414,Desmond Bane,ORL,BC,13.5,13.5,a,Normal,Normal,0.0,0.0,0.0,0.0,0.0,0.0,0.0,0.0,0.0,0.0,0.0,0.0,0.0,0.0,0,1,0,1,0,1,0,0,1,0,1,0,1,3,Yok,3,Yok,3,Yok,3,Var ⚠️,4,Yok
415,Jamal Cain,ORL,FC,4.5,4.5,a,Normal,Normal,0.0,0.0,0.0,0.0,0.0,0.0,0.0,0.0,0.0,0.0,0.0,0.0,0.0,0.0,0,1,0,1,0,1,0,0,1,0,1,0,1,3,Yok,3,Yok,3,Yok,3,Var ⚠️,4,Yok
416,Franz Wagner,ORL,FC,12.5,12.5,a,Normal,Normal,0.0,0.0,0.0,0.0,0.0,0.0,0.0,0.0,0.0,0.0,0.0,0.0,0.0,0.0,0,1,0,1,0,1,0,0,1,0,1,0,1,3,Yok,3,Yok,3,Yok,3,Var ⚠️,4,Yok
417,Wendell Carter Jr.,ORL,FC,10.0,10.0,a,Normal,Normal,0.0,0.0,0.0,0.0,0.0,0.0,0.0,0.0,0.0,0.0,0.0,0.0,0.0,0.0,0,1,0,1,0,1,0,0,1,0,1,0,1,3,Yok,3,Yok,3,Yok,3,Var ⚠️,4,Yok
418,Jonathan Isaac,ORL,FC,6.5,6.5,d,Şüpheli (%75),Normal,0.0,0.0,0.0,0.0,0.0,0.0,0.0,0.0,0.0,0.0,0.0,0.0,0.0,0.0,0,1,0,1,0,1,0,0,1,0,1,0,1,3,Yok,3,Yok,3,Yok,3,Var ⚠️,4,Yok
419,Paolo Banchero,ORL,FC,14.5,14.5,a,Normal,Normal,0.0,0.0,0.0,0.0,0.0,0.0,0.0,0.0,0.0,0.0,0.0,0.0,0.0,0.0,0,1,0,1,0,1,0,0,1,0,1,0,1,3,Yok,3,Yok,3,Yok,3,Var ⚠️,4,Yok
420,Jalen Suggs,ORL,BC,10.5,10.5,a,Normal,Normal,0.0,0.0,0.0,0.0,0.0,0.0,0.0,0.0,0.0,0.0,0.0,0.0,0.0,0.0,0,1,0,1,0,1,0,0,1,0,1,0,1,3,Yok,3,Yok,3,Yok,3,Var ⚠️,4,Yok
421,Goga Bitadze,ORL,FC,6.0,6.0,a,Normal,Normal,0.0,0.0,0.0,0.0,0.0,0.0,0.0,0.0,0.0,0.0,0.0,0.0,0.0,0.0,0,1,0,1,0,1,0,0,1,0,1,0,1,3,Yok,3,Yok,3,Yok,3,Var ⚠️,4,Yok
422,Anthony Black,ORL,BC,9.5,9.5,d,Şüpheli (%75),Normal,0.0,0.0,0.0,0.0,0.0,0.0,0.0,0.0,0.0,0.0,0.0,0.0,0.0,0.0,0,1,0,1,0,1,0,0,1,0,1,0,1,3,Yok,3,Yok,3,Yok,3,Var ⚠️,4,Yok
423,Tristan da Silva,ORL,FC,6.5,6.5,a,Normal,Normal,0.0,0.0,0.0,0.0,0.0,0.0,0.0,0.0,0.0,0.0,0.0,0.0,0.0,0.0,0,1,0,1,0,1,0,0,1,0,1,0,1,3,Yok,3,Yok,3,Yok,3,Var ⚠️,4,Yok
424,Alex Morales,ORL,BC,4.5,4.5,a,Normal,Normal,0.0,0.0,0.0,0.0,0.0,0.0,0.0,0.0,0.0,0.0,0.0,0.0,0.0,0.0,0,1,0,1,0,1,0,0,1,0,1,0,1,3,Yok,3,Yok,3,Yok,3,Var ⚠️,4,Yok
425,Noah Penda,ORL,BC,6.5,6.5,d,Şüpheli (%75),Normal,0.0,0.0,0.0,0.0,0.0,0.0,0.0,0.0,0.0,0.0,0.0,0.0,0.0,0.0,0,1,0,1,0,1,0,0,1,0,1,0,1,3,Yok,3,Yok,3,Yok,3,Var ⚠️,4,Yok
426,Jase Richardson,ORL,BC,5.5,5.5,a,Normal,Normal,0.0,0.0,0.0,0.0,0.0,0.0,0.0,0.0,0.0,0.0,0.0,0.0,0.0,0.0,0,1,0,1,0,1,0,0,1,0,1,0,1,3,Yok,3,Yok,3,Yok,3,Var ⚠️,4,Yok
427,Colin Castleton,ORL,FC,4.5,4.5,a,Normal,Normal,0.0,0.0,0.0,0.0,0.0,0.0,0.0,0.0,0.0,0.0,0.0,0.0,0.0,0.0,0,1,0,1,0,1,0,0,1,0,1,0,1,3,Yok,3,Yok,3,Yok,3,Var ⚠️,4,Yok
428,Malaki Branham,ORL,BC,4.5,4.5,a,Normal,Normal,0.0,0.0,0.0,0.0,0.0,0.0,0.0,0.0,0.0,0.0,0.0,0.0,0.0,0.0,0,1,0,1,0,1,0,0,1,0,1,0,1,3,Yok,3,Yok,3,Yok,3,Var ⚠️,4,Yok
429,Izaiyah Nelson,ORL,BC,4.5,4.5,d,Şüpheli (%0),Normal,0.0,0.0,0.0,0.0,0.0,0.0,0.0,0.0,0.0,0.0,0.0,0.0,0.0,0.0,0,1,0,1,0,1,0,0,1,0,1,0,1,3,Yok,3,Yok,3,Yok,3,Var ⚠️,4,Yok
430,Jaylen Brown,PHI,BC,15.0,15.0,a,Normal,Normal,0.0,0.0,0.0,0.0,0.0,0.0,0.0,0.0,0.0,0.0,0.0,0.0,0.0,0.0,1,0,1,0,1,1,0,0,1,0,1,1,0,4,Var ⚠️,3,Var ⚠️,4,Var ⚠️,3,Yok,3,Yok
431,Anfernee Simons,PHI,BC,8.5,8.5,a,Normal,Normal,0.0,0.0,0.0,0.0,0.0,0.0,0.0,0.0,0.0,0.0,0.0,0.0,0.0,0.0,1,0,1,0,1,1,0,0,1,0,1,1,0,4,Var ⚠️,3,Var ⚠️,4,Var ⚠️,3,Yok,3,Yok
432,Dean Wade,PHI,FC,5.5,5.5,a,Normal,Normal,0.0,0.0,0.0,0.0,0.0,0.0,0.0,0.0,0.0,0.0,0.0,0.0,0.0,0.0,1,0,1,0,1,1,0,0,1,0,1,1,0,4,Var ⚠️,3,Var ⚠️,4,Var ⚠️,3,Yok,3,Yok
433,LeBron James,PHI,FC,15.5,15.5,a,Normal,Normal,0.0,0.0,0.0,0.0,0.0,0.0,0.0,0.0,0.0,0.0,0.0,0.0,0.0,0.0,1,0,1,0,1,1,0,0,1,0,1,1,0,4,Var ⚠️,3,Var ⚠️,4,Var ⚠️,3,Yok,3,Yok
434,Kentavious Caldwell-Pope,PHI,BC,7.0,7.0,d,Şüpheli (%75),Normal,0.0,0.0,0.0,0.0,0.0,0.0,0.0,0.0,0.0,0.0,0.0,0.0,0.0,0.0,1,0,1,0,1,1,0,0,1,0,1,1,0,4,Var ⚠️,3,Var ⚠️,4,Var ⚠️,3,Yok,3,Yok
435,Ariel Hukporti,PHI,FC,4.5,4.5,a,Normal,Normal,0.0,0.0,0.0,0.0,0.0,0.0,0.0,0.0,0.0,0.0,0.0,0.0,0.0,0.0,1,0,1,0,1,1,0,0,1,0,1,1,0,4,Var ⚠️,3,Var ⚠️,4,Var ⚠️,3,Yok,3,Yok
436,Dillon Jones,PHI,FC,4.5,4.5,a,Normal,Normal,0.0,0.0,0.0,0.0,0.0,0.0,0.0,0.0,0.0,0.0,0.0,0.0,0.0,0.0,1,0,1,0,1,1,0,0,1,0,1,1,0,4,Var ⚠️,3,Var ⚠️,4,Var ⚠️,3,Yok,3,Yok
437,Dominick Barlow,PHI,FC,6.0,6.0,a,Normal,Normal,0.0,0.0,0.0,0.0,0.0,0.0,0.0,0.0,0.0,0.0,0.0,0.0,0.0,0.0,1,0,1,0,1,1,0,0,1,0,1,1,0,4,Var ⚠️,3,Var ⚠️,4,Var ⚠️,3,Yok,3,Yok
438,Joel Embiid,PHI,FC,15.5,15.5,a,Normal,Normal,0.0,0.0,0.0,0.0,0.0,0.0,0.0,0.0,0.0,0.0,0.0,0.0,0.0,0.0,1,0,1,0,1,1,0,0,1,0,1,1,0,4,Var ⚠️,3,Var ⚠️,4,Var ⚠️,3,Yok,3,Yok
439,Tyrese Maxey,PHI,BC,16.5,16.5,a,Normal,Normal,0.0,0.0,0.0,0.0,0.0,0.0,0.0,0.0,0.0,0.0,0.0,0.0,0.0,0.0,1,0,1,0,1,1,0,0,1,0,1,1,0,4,Var ⚠️,3,Var ⚠️,4,Var ⚠️,3,Yok,3,Yok
440,Adem Bona,PHI,FC,6.5,6.5,d,Şüpheli (%75),Normal,0.0,0.0,0.0,0.0,0.0,0.0,0.0,0.0,0.0,0.0,0.0,0.0,0.0,0.0,1,0,1,0,1,1,0,0,1,0,1,1,0,4,Var ⚠️,3,Var ⚠️,4,Var ⚠️,3,Yok,3,Yok
441,Justin Edwards,PHI,FC,6.0,6.0,a,Normal,Normal,0.0,0.0,0.0,0.0,0.0,0.0,0.0,0.0,0.0,0.0,0.0,0.0,0.0,0.0,1,0,1,0,1,1,0,0,1,0,1,1,0,4,Var ⚠️,3,Var ⚠️,4,Var ⚠️,3,Yok,3,Yok
442,VJ Edgecombe,PHI,BC,12.0,12.0,a,Normal,Normal,0.0,0.0,0.0,0.0,0.0,0.0,0.0,0.0,0.0,0.0,0.0,0.0,0.0,0.0,1,0,1,0,1,1,0,0,1,0,1,1,0,4,Var ⚠️,3,Var ⚠️,4,Var ⚠️,3,Yok,3,Yok
443,Jabari Walker,PHI,FC,5.0,5.0,a,Normal,Normal,0.0,0.0,0.0,0.0,0.0,0.0,0.0,0.0,0.0,0.0,0.0,0.0,0.0,0.0,1,0,1,0,1,1,0,0,1,0,1,1,0,4,Var ⚠️,3,Var ⚠️,4,Var ⚠️,3,Yok,3,Yok
444,Saint Thomas,PHI,FC,4.5,4.5,a,Normal,Normal,0.0,0.0,0.0,0.0,0.0,0.0,0.0,0.0,0.0,0.0,0.0,0.0,0.0,0.0,1,0,1,0,1,1,0,0,1,0,1,1,0,4,Var ⚠️,3,Var ⚠️,4,Var ⚠️,3,Yok,3,Yok
445,Caleb Love,PHI,BC,5.5,5.5,a,Normal,Normal,0.0,0.0,0.0,0.0,0.0,0.0,0.0,0.0,0.0,0.0,0.0,0.0,0.0,0.0,1,0,1,0,1,1,0,0,1,0,1,1,0,4,Var ⚠️,3,Var ⚠️,4,Var ⚠️,3,Yok,3,Yok
446,Tacko Fall,PHI,FC,4.5,4.5,a,Normal,Normal,0.0,0.0,0.0,0.0,0.0,0.0,0.0,0.0,0.0,0.0,0.0,0.0,0.0,0.0,1,0,1,0,1,1,0,0,1,0,1,1,0,4,Var ⚠️,3,Var ⚠️,4,Var ⚠️,3,Yok,3,Yok
447,Duke Miles,PHI,BC,4.5,4.5,a,Normal,Normal,0.0,0.0,0.0,0.0,0.0,0.0,0.0,0.0,0.0,0.0,0.0,0.0,0.0,0.0,1,0,1,0,1,1,0,0,1,0,1,1,0,4,Var ⚠️,3,Var ⚠️,4,Var ⚠️,3,Yok,3,Yok
448,Jameer Nelson Jr.,PHI,BC,4.5,4.5,a,Normal,Normal,0.0,0.0,0.0,0.0,0.0,0.0,0.0,0.0,0.0,0.0,0.0,0.0,0.0,0.0,1,0,1,0,1,1,0,0,1,0,1,1,0,4,Var ⚠️,3,Var ⚠️,4,Var ⚠️,3,Yok,3,Yok
449,Labaron Philon,PHI,BC,5.5,5.5,a,Normal,Normal,0.0,0.0,0.0,0.0,0.0,0.0,0.0,0.0,0.0,0.0,0.0,0.0,0.0,0.0,1,0,1,0,1,1,0,0,1,0,1,1,0,4,Var ⚠️,3,Var ⚠️,4,Var ⚠️,3,Yok,3,Yok
450,Rayan Rupert,PHI,BC,5.0,5.0,a,Normal,Normal,0.0,0.0,0.0,0.0,0.0,0.0,0.0,0.0,0.0,0.0,0.0,0.0,0.0,0.0,1,0,1,0,1,1,0,0,1,0,1,1,0,4,Var ⚠️,3,Var ⚠️,4,Var ⚠️,3,Yok,3,Yok
451,Luke Kennard,PHX,BC,7.0,7.0,a,Normal,Normal,0.0,0.0,0.0,0.0,0.0,0.0,0.0,0.0,0.0,0.0,0.0,0.0,0.0,0.0,0,1,0,0,1,0,1,0,0,0,1,0,0,2,Yok,2,Yok,4,Var ⚠️,4,Var ⚠️,3,Yok
452,Miles Bridges,PHX,FC,11.5,11.5,a,Normal,Normal,0.0,0.0,0.0,0.0,0.0,0.0,0.0,0.0,0.0,0.0,0.0,0.0,0.0,0.0,0,1,0,0,1,0,1,0,0,0,1,0,0,2,Yok,2,Yok,4,Var ⚠️,4,Var ⚠️,3,Yok
453,Pat Spencer,PHX,BC,6.5,6.5,a,Normal,Normal,0.0,0.0,0.0,0.0,0.0,0.0,0.0,0.0,0.0,0.0,0.0,0.0,0.0,0.0,0,1,0,0,1,0,1,0,0,0,1,0,0,2,Yok,2,Yok,4,Var ⚠️,4,Var ⚠️,3,Yok
454,Haywood Highsmith,PHX,FC,5.0,5.0,a,Normal,Normal,0.0,0.0,0.0,0.0,0.0,0.0,0.0,0.0,0.0,0.0,0.0,0.0,0.0,0.0,0,1,0,0,1,0,1,0,0,0,1,0,0,2,Yok,2,Yok,4,Var ⚠️,4,Var ⚠️,3,Yok
455,Jamaree Bouyea,PHX,BC,4.5,4.5,a,Normal,Normal,0.0,0.0,0.0,0.0,0.0,0.0,0.0,0.0,0.0,0.0,0.0,0.0,0.0,0.0,0,1,0,0,1,0,1,0,0,0,1,0,0,2,Yok,2,Yok,4,Var ⚠️,4,Var ⚠️,3,Yok
456,Mark Williams,PHX,FC,10.0,10.0,i,Sakat,Normal,0.0,0.0,0.0,0.0,0.0,0.0,0.0,0.0,0.0,0.0,0.0,0.0,0.0,0.0,0,1,0,0,1,0,1,0,0,0,1,0,0,2,Yok,2,Yok,4,Var ⚠️,4,Var ⚠️,3,Yok
457,Jalen Green,PHX,BC,11.5,11.5,a,Normal,Normal,0.0,0.0,0.0,0.0,0.0,0.0,0.0,0.0,0.0,0.0,0.0,0.0,0.0,0.0,0,1,0,0,1,0,1,0,0,0,1,0,0,2,Yok,2,Yok,4,Var ⚠️,4,Var ⚠️,3,Yok
458,Dillon Brooks,PHX,BC,8.5,8.5,a,Normal,Normal,0.0,0.0,0.0,0.0,0.0,0.0,0.0,0.0,0.0,0.0,0.0,0.0,0.0,0.0,0,1,0,0,1,0,1,0,0,0,1,0,0,2,Yok,2,Yok,4,Var ⚠️,4,Var ⚠️,3,Yok
459,Jordan Goodwin,PHX,BC,7.5,7.5,a,Normal,Normal,0.0,0.0,0.0,0.0,0.0,0.0,0.0,0.0,0.0,0.0,0.0,0.0,0.0,0.0,0,1,0,0,1,0,1,0,0,0,1,0,0,2,Yok,2,Yok,4,Var ⚠️,4,Var ⚠️,3,Yok
460,Collin Gillespie,PHX,BC,10.0,10.0,a,Normal,Normal,0.0,0.0,0.0,0.0,0.0,0.0,0.0,0.0,0.0,0.0,0.0,0.0,0.0,0.0,0,1,0,0,1,0,1,0,0,0,1,0,0,2,Yok,2,Yok,4,Var ⚠️,4,Var ⚠️,3,Yok
461,Devin Booker,PHX,BC,15.0,15.0,a,Normal,Normal,0.0,0.0,0.0,0.0,0.0,0.0,0.0,0.0,0.0,0.0,0.0,0.0,0.0,0.0,0,1,0,0,1,0,1,0,0,0,1,0,0,2,Yok,2,Yok,4,Var ⚠️,4,Var ⚠️,3,Yok
462,Ryan Dunn,PHX,FC,6.0,6.0,a,Normal,Normal,0.0,0.0,0.0,0.0,0.0,0.0,0.0,0.0,0.0,0.0,0.0,0.0,0.0,0.0,0,1,0,0,1,0,1,0,0,0,1,0,0,2,Yok,2,Yok,4,Var ⚠️,4,Var ⚠️,3,Yok
463,Oso Ighodaro,PHX,FC,8.5,8.5,a,Normal,Normal,0.0,0.0,0.0,0.0,0.0,0.0,0.0,0.0,0.0,0.0,0.0,0.0,0.0,0.0,0,1,0,0,1,0,1,0,0,0,1,0,0,2,Yok,2,Yok,4,Var ⚠️,4,Var ⚠️,3,Yok
464,Koby Brea,PHX,BC,4.5,4.5,a,Normal,Normal,0.0,0.0,0.0,0.0,0.0,0.0,0.0,0.0,0.0,0.0,0.0,0.0,0.0,0.0,0,1,0,0,1,0,1,0,0,0,1,0,0,2,Yok,2,Yok,4,Var ⚠️,4,Var ⚠️,3,Yok
465,Rasheer Fleming,PHX,FC,5.0,5.0,a,Normal,Normal,0.0,0.0,0.0,0.0,0.0,0.0,0.0,0.0,0.0,0.0,0.0,0.0,0.0,0.0,0,1,0,0,1,0,1,0,0,0,1,0,0,2,Yok,2,Yok,4,Var ⚠️,4,Var ⚠️,3,Yok
466,CJ Huntley,PHX,FC,4.5,4.5,d,Şüpheli (%75),Normal,0.0,0.0,0.0,0.0,0.0,0.0,0.0,0.0,0.0,0.0,0.0,0.0,0.0,0.0,0,1,0,0,1,0,1,0,0,0,1,0,0,2,Yok,2,Yok,4,Var ⚠️,4,Var ⚠️,3,Yok
467,Khaman Maluach,PHX,FC,8.5,8.5,a,Normal,Normal,0.0,0.0,0.0,0.0,0.0,0.0,0.0,0.0,0.0,0.0,0.0,0.0,0.0,0.0,0,1,0,0,1,0,1,0,0,0,1,0,0,2,Yok,2,Yok,4,Var ⚠️,4,Var ⚠️,3,Yok
468,Koa Peat,PHX,FC,5.0,5.0,a,Normal,Normal,0.0,0.0,0.0,0.0,0.0,0.0,0.0,0.0,0.0,0.0,0.0,0.0,0.0,0.0,0,1,0,0,1,0,1,0,0,0,1,0,0,2,Yok,2,Yok,4,Var ⚠️,4,Var ⚠️,3,Yok
469,Ja Morant,POR,BC,13.5,13.5,a,Normal,Normal,0.0,0.0,0.0,0.0,0.0,0.0,0.0,0.0,0.0,0.0,0.0,0.0,0.0,0.0,0,1,0,1,0,0,0,1,0,1,0,1,0,2,Yok,3,Yok,4,Var ⚠️,3,Var ⚠️,4,Var ⚠️
470,Jeremy Sochan,POR,FC,5.5,5.5,a,Normal,Normal,0.0,0.0,0.0,0.0,0.0,0.0,0.0,0.0,0.0,0.0,0.0,0.0,0.0,0.0,0,1,0,1,0,0,0,1,0,1,0,1,0,2,Yok,3,Yok,4,Var ⚠️,3,Var ⚠️,4,Var ⚠️
471,Branden Carlson,POR,FC,4.5,4.5,a,Normal,Normal,0.0,0.0,0.0,0.0,0.0,0.0,0.0,0.0,0.0,0.0,0.0,0.0,0.0,0.0,0,1,0,1,0,0,0,1,0,1,0,1,0,2,Yok,3,Yok,4,Var ⚠️,3,Var ⚠️,4,Var ⚠️
472,Vit Krejci,POR,BC,6.5,6.5,a,Normal,Normal,0.0,0.0,0.0,0.0,0.0,0.0,0.0,0.0,0.0,0.0,0.0,0.0,0.0,0.0,0,1,0,1,0,0,0,1,0,1,0,1,0,2,Yok,3,Yok,4,Var ⚠️,3,Var ⚠️,4,Var ⚠️
473,Chris Youngblood,POR,BC,4.5,4.5,a,Normal,Normal,0.0,0.0,0.0,0.0,0.0,0.0,0.0,0.0,0.0,0.0,0.0,0.0,0.0,0.0,0,1,0,1,0,0,0,1,0,1,0,1,0,2,Yok,3,Yok,4,Var ⚠️,3,Var ⚠️,4,Var ⚠️
474,Jrue Holiday,POR,BC,9.5,9.5,a,Normal,Normal,0.0,0.0,0.0,0.0,0.0,0.0,0.0,0.0,0.0,0.0,0.0,0.0,0.0,0.0,0,1,0,1,0,0,0,1,0,1,0,1,0,2,Yok,3,Yok,4,Var ⚠️,3,Var ⚠️,4,Var ⚠️
475,Damian Lillard,POR,BC,11.0,11.0,a,Normal,Normal,0.0,0.0,0.0,0.0,0.0,0.0,0.0,0.0,0.0,0.0,0.0,0.0,0.0,0.0,0,1,0,1,0,0,0,1,0,1,0,1,0,2,Yok,3,Yok,4,Var ⚠️,3,Var ⚠️,4,Var ⚠️
476,Robert Williams III,POR,FC,7.5,7.5,a,Normal,Normal,0.0,0.0,0.0,0.0,0.0,0.0,0.0,0.0,0.0,0.0,0.0,0.0,0.0,0.0,0,1,0,1,0,0,0,1,0,1,0,1,0,2,Yok,3,Yok,4,Var ⚠️,3,Var ⚠️,4,Var ⚠️
477,Toumani Camara,POR,FC,10.0,10.0,a,Normal,Normal,0.0,0.0,0.0,0.0,0.0,0.0,0.0,0.0,0.0,0.0,0.0,0.0,0.0,0.0,0,1,0,1,0,0,0,1,0,1,0,1,0,2,Yok,3,Yok,4,Var ⚠️,3,Var ⚠️,4,Var ⚠️
478,Shaedon Sharpe,POR,BC,12.0,12.0,i,Sakat,Normal,0.0,0.0,0.0,0.0,0.0,0.0,0.0,0.0,0.0,0.0,0.0,0.0,0.0,0.0,0,1,0,1,0,0,0,1,0,1,0,1,0,2,Yok,3,Yok,4,Var ⚠️,3,Var ⚠️,4,Var ⚠️
479,Scoot Henderson,POR,BC,10.0,10.0,a,Normal,Normal,0.0,0.0,0.0,0.0,0.0,0.0,0.0,0.0,0.0,0.0,0.0,0.0,0.0,0.0,0,1,0,1,0,0,0,1,0,1,0,1,0,2,Yok,3,Yok,4,Var ⚠️,3,Var ⚠️,4,Var ⚠️
480,Deni Avdija,POR,FC,14.5,14.5,a,Normal,Normal,0.0,0.0,0.0,0.0,0.0,0.0,0.0,0.0,0.0,0.0,0.0,0.0,0.0,0.0,0,1,0,1,0,0,0,1,0,1,0,1,0,2,Yok,3,Yok,4,Var ⚠️,3,Var ⚠️,4,Var ⚠️
481,Donovan Clingan,POR,FC,11.5,11.5,a,Normal,Normal,0.0,0.0,0.0,0.0,0.0,0.0,0.0,0.0,0.0,0.0,0.0,0.0,0.0,0.0,0,1,0,1,0,0,0,1,0,1,0,1,0,2,Yok,3,Yok,4,Var ⚠️,3,Var ⚠️,4,Var ⚠️
482,Sidy Cissoko,POR,BC,5.0,5.0,a,Normal,Normal,0.0,0.0,0.0,0.0,0.0,0.0,0.0,0.0,0.0,0.0,0.0,0.0,0.0,0.0,0,1,0,1,0,0,0,1,0,1,0,1,0,2,Yok,3,Yok,4,Var ⚠️,3,Var ⚠️,4,Var ⚠️
483,Yang Hansen,POR,FC,5.5,5.5,a,Normal,Normal,0.0,0.0,0.0,0.0,0.0,0.0,0.0,0.0,0.0,0.0,0.0,0.0,0.0,0.0,0,1,0,1,0,0,0,1,0,1,0,1,0,2,Yok,3,Yok,4,Var ⚠️,3,Var ⚠️,4,Var ⚠️
484,Jayson Kent,POR,FC,4.5,4.5,a,Normal,Normal,0.0,0.0,0.0,0.0,0.0,0.0,0.0,0.0,0.0,0.0,0.0,0.0,0.0,0.0,0,1,0,1,0,0,0,1,0,1,0,1,0,2,Yok,3,Yok,4,Var ⚠️,3,Var ⚠️,4,Var ⚠️
485,Micah Potter,POR,FC,5.0,5.0,a,Normal,Normal,0.0,0.0,0.0,0.0,0.0,0.0,0.0,0.0,0.0,0.0,0.0,0.0,0.0,0.0,0,1,0,1,0,0,0,1,0,1,0,1,0,2,Yok,3,Yok,4,Var ⚠️,3,Var ⚠️,4,Var ⚠️
486,John Tonje,POR,BC,4.5,4.5,a,Normal,Normal,0.0,0.0,0.0,0.0,0.0,0.0,0.0,0.0,0.0,0.0,0.0,0.0,0.0,0.0,0,1,0,1,0,0,0,1,0,1,0,1,0,2,Yok,3,Yok,4,Var ⚠️,3,Var ⚠️,4,Var ⚠️
487,Precious Achiuwa,SAC,FC,8.0,8.0,a,Normal,Normal,0.0,0.0,0.0,0.0,0.0,0.0,0.0,0.0,0.0,0.0,0.0,0.0,0.0,0.0,0,1,0,1,0,1,0,1,0,1,0,1,0,3,Yok,3,Yok,4,Var ⚠️,3,Yok,3,Var ⚠️
488,Daeqwon Plowden,SAC,BC,6.0,6.0,a,Normal,Normal,0.0,0.0,0.0,0.0,0.0,0.0,0.0,0.0,0.0,0.0,0.0,0.0,0.0,0.0,0,1,0,1,0,1,0,1,0,1,0,1,0,3,Yok,3,Yok,4,Var ⚠️,3,Yok,3,Var ⚠️
489,Zach LaVine,SAC,BC,10.5,10.5,a,Normal,Normal,0.0,0.0,0.0,0.0,0.0,0.0,0.0,0.0,0.0,0.0,0.0,0.0,0.0,0.0,0,1,0,1,0,1,0,1,0,1,0,1,0,3,Yok,3,Yok,4,Var ⚠️,3,Yok,3,Var ⚠️
490,Domantas Sabonis,SAC,FC,15.0,15.0,a,Normal,Normal,0.0,0.0,0.0,0.0,0.0,0.0,0.0,0.0,0.0,0.0,0.0,0.0,0.0,0.0,0,1,0,1,0,1,0,1,0,1,0,1,0,3,Yok,3,Yok,4,Var ⚠️,3,Yok,3,Var ⚠️
491,Malik Monk,SAC,BC,9.5,9.5,a,Normal,Normal,0.0,0.0,0.0,0.0,0.0,0.0,0.0,0.0,0.0,0.0,0.0,0.0,0.0,0.0,0,1,0,1,0,1,0,1,0,1,0,1,0,3,Yok,3,Yok,4,Var ⚠️,3,Yok,3,Var ⚠️
492,Keegan Murray,SAC,FC,10.0,10.0,a,Normal,Normal,0.0,0.0,0.0,0.0,0.0,0.0,0.0,0.0,0.0,0.0,0.0,0.0,0.0,0.0,0,1,0,1,0,1,0,1,0,1,0,1,0,3,Yok,3,Yok,4,Var ⚠️,3,Yok,3,Var ⚠️
493,Dylan Cardwell,SAC,FC,7.0,7.0,a,Normal,Normal,0.0,0.0,0.0,0.0,0.0,0.0,0.0,0.0,0.0,0.0,0.0,0.0,0.0,0.0,0,1,0,1,0,1,0,1,0,1,0,1,0,3,Yok,3,Yok,4,Var ⚠️,3,Yok,3,Var ⚠️
494,Nique Clifford,SAC,BC,7.0,7.0,a,Normal,Normal,0.0,0.0,0.0,0.0,0.0,0.0,0.0,0.0,0.0,0.0,0.0,0.0,0.0,0.0,0,1,0,1,0,1,0,1,0,1,0,1,0,3,Yok,3,Yok,4,Var ⚠️,3,Yok,3,Var ⚠️
495,Maxime Raynaud,SAC,FC,9.0,9.0,a,Normal,Normal,0.0,0.0,0.0,0.0,0.0,0.0,0.0,0.0,0.0,0.0,0.0,0.0,0.0,0.0,0,1,0,1,0,1,0,1,0,1,0,1,0,3,Yok,3,Yok,4,Var ⚠️,3,Yok,3,Var ⚠️
496,Adam Flagler,SAC,BC,4.5,4.5,a,Normal,Normal,0.0,0.0,0.0,0.0,0.0,0.0,0.0,0.0,0.0,0.0,0.0,0.0,0.0,0.0,0,1,0,1,0,1,0,1,0,1,0,1,0,3,Yok,3,Yok,4,Var ⚠️,3,Yok,3,Var ⚠️
497,Jonathan Mogbo,SAC,FC,5.0,5.0,a,Normal,Normal,0.0,0.0,0.0,0.0,0.0,0.0,0.0,0.0,0.0,0.0,0.0,0.0,0.0,0.0,0,1,0,1,0,1,0,1,0,1,0,1,0,3,Yok,3,Yok,4,Var ⚠️,3,Yok,3,Var ⚠️
498,Darius Acuff Jr.,SAC,BC,8.0,8.0,a,Normal,Normal,0.0,0.0,0.0,0.0,0.0,0.0,0.0,0.0,0.0,0.0,0.0,0.0,0.0,0.0,0,1,0,1,0,1,0,1,0,1,0,1,0,3,Yok,3,Yok,4,Var ⚠️,3,Yok,3,Var ⚠️
499,De'Andre Hunter,SAC,BC,8.0,8.0,a,Normal,Normal,0.0,0.0,0.0,0.0,0.0,0.0,0.0,0.0,0.0,0.0,0.0,0.0,0.0,0.0,0,1,0,1,0,1,0,1,0,1,0,1,0,3,Yok,3,Yok,4,Var ⚠️,3,Yok,3,Var ⚠️
500,Alex Karaban,SAC,FC,5.5,5.5,a,Normal,Normal,0.0,0.0,0.0,0.0,0.0,0.0,0.0,0.0,0.0,0.0,0.0,0.0,0.0,0.0,0,1,0,1,0,1,0,1,0,1,0,1,0,3,Yok,3,Yok,4,Var ⚠️,3,Yok,3,Var ⚠️
501,Emanuel Sharp,SAC,BC,4.5,4.5,a,Normal,Normal,0.0,0.0,0.0,0.0,0.0,0.0,0.0,0.0,0.0,0.0,0.0,0.0,0.0,0.0,0,1,0,1,0,1,0,1,0,1,0,1,0,3,Yok,3,Yok,4,Var ⚠️,3,Yok,3,Var ⚠️
502,Ben Simmons,SAC,BC,9.5,9.5,a,Normal,Normal,0.0,0.0,0.0,0.0,0.0,0.0,0.0,0.0,0.0,0.0,0.0,0.0,0.0,0.0,0,1,0,1,0,1,0,1,0,1,0,1,0,3,Yok,3,Yok,4,Var ⚠️,3,Yok,3,Var ⚠️
503,Elfrid Payton,SAC,BC,5.5,5.5,a,Normal,Normal,0.0,0.0,0.0,0.0,0.0,0.0,0.0,0.0,0.0,0.0,0.0,0.0,0.0,0.0,0,1,0,1,0,1,0,1,0,1,0,1,0,3,Yok,3,Yok,4,Var ⚠️,3,Yok,3,Var ⚠️
504,Tobias Harris,SAS,FC,9.5,9.5,a,Normal,Normal,0.0,0.0,0.0,0.0,0.0,0.0,0.0,0.0,0.0,0.0,0.0,0.0,0.0,0.0,1,0,0,1,1,0,0,1,1,0,0,1,0,3,Var ⚠️,3,Var ⚠️,4,Var ⚠️,4,Yok,3,Yok
505,Taelon Peter,SAS,BC,4.5,4.5,a,Normal,Normal,0.0,0.0,0.0,0.0,0.0,0.0,0.0,0.0,0.0,0.0,0.0,0.0,0.0,0.0,1,0,0,1,1,0,0,1,1,0,0,1,0,3,Var ⚠️,3,Var ⚠️,4,Var ⚠️,4,Yok,3,Yok
506,Luke Kornet,SAS,FC,7.0,7.0,a,Normal,Normal,0.0,0.0,0.0,0.0,0.0,0.0,0.0,0.0,0.0,0.0,0.0,0.0,0.0,0.0,1,0,0,1,1,0,0,1,1,0,0,1,0,3,Var ⚠️,3,Var ⚠️,4,Var ⚠️,4,Yok,3,Yok
507,Jordan McLaughlin,SAS,BC,4.5,4.5,a,Normal,Normal,0.0,0.0,0.0,0.0,0.0,0.0,0.0,0.0,0.0,0.0,0.0,0.0,0.0,0.0,1,0,0,1,1,0,0,1,1,0,0,1,0,3,Var ⚠️,3,Var ⚠️,4,Var ⚠️,4,Yok,3,Yok
508,De'Aaron Fox,SAS,BC,13.0,13.0,a,Normal,Normal,0.0,0.0,0.0,0.0,0.0,0.0,0.0,0.0,0.0,0.0,0.0,0.0,0.0,0.0,1,0,0,1,1,0,0,1,1,0,0,1,0,3,Var ⚠️,3,Var ⚠️,4,Var ⚠️,4,Yok,3,Yok
509,Harrison Barnes,SAS,FC,6.5,6.5,a,Normal,Normal,0.0,0.0,0.0,0.0,0.0,0.0,0.0,0.0,0.0,0.0,0.0,0.0,0.0,0.0,1,0,0,1,1,0,0,1,1,0,0,1,0,3,Var ⚠️,3,Var ⚠️,4,Var ⚠️,4,Yok,3,Yok
510,Julian Champagnie,SAS,FC,8.0,8.0,a,Normal,Normal,0.0,0.0,0.0,0.0,0.0,0.0,0.0,0.0,0.0,0.0,0.0,0.0,0.0,0.0,1,0,0,1,1,0,0,1,1,0,0,1,0,3,Var ⚠️,3,Var ⚠️,4,Var ⚠️,4,Yok,3,Yok
511,Keldon Johnson,SAS,FC,8.0,8.0,a,Normal,Normal,0.0,0.0,0.0,0.0,0.0,0.0,0.0,0.0,0.0,0.0,0.0,0.0,0.0,0.0,1,0,0,1,1,0,0,1,1,0,0,1,0,3,Var ⚠️,3,Var ⚠️,4,Var ⚠️,4,Yok,3,Yok
512,Devin Vassell,SAS,BC,9.5,9.5,a,Normal,Normal,0.0,0.0,0.0,0.0,0.0,0.0,0.0,0.0,0.0,0.0,0.0,0.0,0.0,0.0,1,0,0,1,1,0,0,1,1,0,0,1,0,3,Var ⚠️,3,Var ⚠️,4,Var ⚠️,4,Yok,3,Yok
513,Victor Wembanyama,SAS,FC,19.5,19.5,a,Normal,Normal,0.0,0.0,0.0,0.0,0.0,0.0,0.0,0.0,0.0,0.0,0.0,0.0,0.0,0.0,1,0,0,1,1,0,0,1,1,0,0,1,0,3,Var ⚠️,3,Var ⚠️,4,Var ⚠️,4,Yok,3,Yok
514,Stephon Castle,SAS,BC,14.0,14.0,a,Normal,Normal,0.0,0.0,0.0,0.0,0.0,0.0,0.0,0.0,0.0,0.0,0.0,0.0,0.0,0.0,1,0,0,1,1,0,0,1,1,0,0,1,0,3,Var ⚠️,3,Var ⚠️,4,Var ⚠️,4,Yok,3,Yok
515,Carter Bryant,SAS,FC,6.0,6.0,a,Normal,Normal,0.0,0.0,0.0,0.0,0.0,0.0,0.0,0.0,0.0,0.0,0.0,0.0,0.0,0.0,1,0,0,1,1,0,0,1,1,0,0,1,0,3,Var ⚠️,3,Var ⚠️,4,Var ⚠️,4,Yok,3,Yok
516,Dylan Harper,SAS,BC,11.0,11.0,a,Normal,Normal,0.0,0.0,0.0,0.0,0.0,0.0,0.0,0.0,0.0,0.0,0.0,0.0,0.0,0.0,1,0,0,1,1,0,0,1,1,0,0,1,0,3,Var ⚠️,3,Var ⚠️,4,Var ⚠️,4,Yok,3,Yok
517,David Jones,SAS,FC,4.5,4.5,d,Şüpheli (%75),Normal,0.0,0.0,0.0,0.0,0.0,0.0,0.0,0.0,0.0,0.0,0.0,0.0,0.0,0.0,1,0,0,1,1,0,0,1,1,0,0,1,0,3,Var ⚠️,3,Var ⚠️,4,Var ⚠️,4,Yok,3,Yok
518,Maliq Brown,SAS,FC,4.5,4.5,a,Normal,Normal,0.0,0.0,0.0,0.0,0.0,0.0,0.0,0.0,0.0,0.0,0.0,0.0,0.0,0.0,1,0,0,1,1,0,0,1,1,0,0,1,0,3,Var ⚠️,3,Var ⚠️,4,Var ⚠️,4,Yok,3,Yok
519,Ja'Kobi Gillespie,SAS,BC,4.5,4.5,a,Normal,Normal,0.0,0.0,0.0,0.0,0.0,0.0,0.0,0.0,0.0,0.0,0.0,0.0,0.0,0.0,1,0,0,1,1,0,0,1,1,0,0,1,0,3,Var ⚠️,3,Var ⚠️,4,Var ⚠️,4,Yok,3,Yok
520,Jayden Quaintance,SAS,FC,4.5,4.5,i,Sakat,Normal,0.0,0.0,0.0,0.0,0.0,0.0,0.0,0.0,0.0,0.0,0.0,0.0,0.0,0.0,1,0,0,1,1,0,0,1,1,0,0,1,0,3,Var ⚠️,3,Var ⚠️,4,Var ⚠️,4,Yok,3,Yok
521,Tarris Reed Jr.,SAS,FC,4.5,4.5,a,Normal,Normal,0.0,0.0,0.0,0.0,0.0,0.0,0.0,0.0,0.0,0.0,0.0,0.0,0.0,0.0,1,0,0,1,1,0,0,1,1,0,0,1,0,3,Var ⚠️,3,Var ⚠️,4,Var ⚠️,4,Yok,3,Yok
524,Kawhi Leonard,TOR,FC,15.5,15.5,a,Normal,Normal,0.0,0.0,0.0,0.0,0.0,0.0,0.0,0.0,0.0,0.0,0.0,0.0,0.0,0.0,0,1,0,1,0,1,0,0,1,0,1,0,1,3,Yok,3,Yok,3,Var ⚠️,4,Var ⚠️,3,Var ⚠️
525,Andre Jackson Jr.,TOR,BC,4.5,4.5,a,Normal,Normal,0.0,0.0,0.0,0.0,0.0,0.0,0.0,0.0,0.0,0.0,0.0,0.0,0.0,0.0,0,1,0,1,0,1,0,0,1,0,1,0,1,3,Yok,3,Yok,3,Var ⚠️,4,Var ⚠️,3,Var ⚠️
526,Trey Jemison,TOR,FC,4.5,4.5,a,Normal,Normal,0.0,0.0,0.0,0.0,0.0,0.0,0.0,0.0,0.0,0.0,0.0,0.0,0.0,0.0,0,1,0,1,0,1,0,0,1,0,1,0,1,3,Yok,3,Yok,3,Var ⚠️,4,Var ⚠️,3,Var ⚠️
527,Trayce Jackson-Davis,TOR,FC,5.5,5.5,a,Normal,Normal,0.0,0.0,0.0,0.0,0.0,0.0,0.0,0.0,0.0,0.0,0.0,0.0,0.0,0.0,0,1,0,1,0,1,0,0,1,0,1,0,1,3,Yok,3,Yok,3,Var ⚠️,4,Var ⚠️,3,Var ⚠️
528,RJ Barrett,TOR,FC,11.5,11.5,a,Normal,Normal,0.0,0.0,0.0,0.0,0.0,0.0,0.0,0.0,0.0,0.0,0.0,0.0,0.0,0.0,0,1,0,1,0,1,0,0,1,0,1,0,1,3,Yok,3,Yok,3,Var ⚠️,4,Var ⚠️,3,Var ⚠️
529,Immanuel Quickley,TOR,BC,11.5,11.5,a,Normal,Normal,0.0,0.0,0.0,0.0,0.0,0.0,0.0,0.0,0.0,0.0,0.0,0.0,0.0,0.0,0,1,0,1,0,1,0,0,1,0,1,0,1,3,Yok,3,Yok,3,Var ⚠️,4,Var ⚠️,3,Var ⚠️
530,Jakob Poeltl,TOR,FC,10.0,10.0,a,Normal,Normal,0.0,0.0,0.0,0.0,0.0,0.0,0.0,0.0,0.0,0.0,0.0,0.0,0.0,0.0,0,1,0,1,0,1,0,0,1,0,1,0,1,3,Yok,3,Yok,3,Var ⚠️,4,Var ⚠️,3,Var ⚠️
531,Scottie Barnes,TOR,FC,15.5,15.5,a,Normal,Normal,0.0,0.0,0.0,0.0,0.0,0.0,0.0,0.0,0.0,0.0,0.0,0.0,0.0,0.0,0,1,0,1,0,1,0,0,1,0,1,0,1,3,Yok,3,Yok,3,Var ⚠️,4,Var ⚠️,3,Var ⚠️
532,Jamison Battle,TOR,FC,4.5,4.5,a,Normal,Normal,0.0,0.0,0.0,0.0,0.0,0.0,0.0,0.0,0.0,0.0,0.0,0.0,0.0,0.0,0,1,0,1,0,1,0,0,1,0,1,0,1,3,Yok,3,Yok,3,Var ⚠️,4,Var ⚠️,3,Var ⚠️
533,Jamal Shead,TOR,BC,8.0,8.0,a,Normal,Normal,0.0,0.0,0.0,0.0,0.0,0.0,0.0,0.0,0.0,0.0,0.0,0.0,0.0,0.0,0,1,0,1,0,1,0,0,1,0,1,0,1,3,Yok,3,Yok,3,Var ⚠️,4,Var ⚠️,3,Var ⚠️
534,Ja'Kobe Walter,TOR,BC,6.5,6.5,a,Normal,Normal,0.0,0.0,0.0,0.0,0.0,0.0,0.0,0.0,0.0,0.0,0.0,0.0,0.0,0.0,0,1,0,1,0,1,0,0,1,0,1,0,1,3,Yok,3,Yok,3,Var ⚠️,4,Var ⚠️,3,Var ⚠️
535,Chucky Hepburn,TOR,BC,4.5,4.5,d,Şüpheli (%75),Normal,0.0,0.0,0.0,0.0,0.0,0.0,0.0,0.0,0.0,0.0,0.0,0.0,0.0,0.0,0,1,0,1,0,1,0,0,1,0,1,0,1,3,Yok,3,Yok,3,Var ⚠️,4,Var ⚠️,3,Var ⚠️
536,Alijah Martin,TOR,BC,4.5,4.5,d,Şüpheli (%75),Normal,0.0,0.0,0.0,0.0,0.0,0.0,0.0,0.0,0.0,0.0,0.0,0.0,0.0,0.0,0,1,0,1,0,1,0,0,1,0,1,0,1,3,Yok,3,Yok,3,Var ⚠️,4,Var ⚠️,3,Var ⚠️
537,Collin Murray-Boyles,TOR,FC,9.0,9.0,a,Normal,Normal,0.0,0.0,0.0,0.0,0.0,0.0,0.0,0.0,0.0,0.0,0.0,0.0,0.0,0.0,0,1,0,1,0,1,0,0,1,0,1,0,1,3,Yok,3,Yok,3,Var ⚠️,4,Var ⚠️,3,Var ⚠️
538,Kyle Anderson,TOR,BC,6.5,6.5,a,Normal,Normal,0.0,0.0,0.0,0.0,0.0,0.0,0.0,0.0,0.0,0.0,0.0,0.0,0.0,0.0,0,1,0,1,0,1,0,0,1,0,1,0,1,3,Yok,3,Yok,3,Var ⚠️,4,Var ⚠️,3,Var ⚠️
539,Nate Bittle,TOR,FC,4.5,4.5,d,Şüpheli (%75),Normal,0.0,0.0,0.0,0.0,0.0,0.0,0.0,0.0,0.0,0.0,0.0,0.0,0.0,0.0,0,1,0,1,0,1,0,0,1,0,1,0,1,3,Yok,3,Yok,3,Var ⚠️,4,Var ⚠️,3,Var ⚠️
540,Jaden Bradley,TOR,BC,4.5,4.5,a,Normal,Normal,0.0,0.0,0.0,0.0,0.0,0.0,0.0,0.0,0.0,0.0,0.0,0.0,0.0,0.0,0,1,0,1,0,1,0,0,1,0,1,0,1,3,Yok,3,Yok,3,Var ⚠️,4,Var ⚠️,3,Var ⚠️
541,Allen Graves,TOR,FC,7.0,7.0,a,Normal,Normal,0.0,0.0,0.0,0.0,0.0,0.0,0.0,0.0,0.0,0.0,0.0,0.0,0.0,0.0,0,1,0,1,0,1,0,0,1,0,1,0,1,3,Yok,3,Yok,3,Var ⚠️,4,Var ⚠️,3,Var ⚠️
542,Malachi Smith,TOR,BC,4.5,4.5,a,Normal,Normal,0.0,0.0,0.0,0.0,0.0,0.0,0.0,0.0,0.0,0.0,0.0,0.0,0.0,0.0,0,1,0,1,0,1,0,0,1,0,1,0,1,3,Yok,3,Yok,3,Var ⚠️,4,Var ⚠️,3,Var ⚠️
543,Josh Green,UTA,BC,6.0,6.0,a,Normal,Normal,0.0,0.0,0.0,0.0,0.0,0.0,0.0,0.0,0.0,0.0,0.0,0.0,0.0,0.0,0,1,0,1,0,1,1,0,1,0,0,1,0,3,Yok,3,Yok,4,Var ⚠️,4,Var ⚠️,4,Var ⚠️
544,Tamar Bates,UTA,BC,4.5,4.5,a,Normal,Normal,0.0,0.0,0.0,0.0,0.0,0.0,0.0,0.0,0.0,0.0,0.0,0.0,0.0,0.0,0,1,0,1,0,1,1,0,1,0,0,1,0,3,Yok,3,Yok,4,Var ⚠️,4,Var ⚠️,4,Var ⚠️
545,Josh Okogie,UTA,BC,5.0,5.0,a,Normal,Normal,0.0,0.0,0.0,0.0,0.0,0.0,0.0,0.0,0.0,0.0,0.0,0.0,0.0,0.0,0,1,0,1,0,1,1,0,1,0,0,1,0,3,Yok,3,Yok,4,Var ⚠️,4,Var ⚠️,4,Var ⚠️
546,Jaxson Hayes,UTA,FC,6.0,6.0,a,Normal,Normal,0.0,0.0,0.0,0.0,0.0,0.0,0.0,0.0,0.0,0.0,0.0,0.0,0.0,0.0,0,1,0,1,0,1,1,0,1,0,0,1,0,3,Yok,3,Yok,4,Var ⚠️,4,Var ⚠️,4,Var ⚠️
547,Trey Alexander,UTA,BC,4.5,4.5,d,Şüpheli (%75),Normal,0.0,0.0,0.0,0.0,0.0,0.0,0.0,0.0,0.0,0.0,0.0,0.0,0.0,0.0,0,1,0,1,0,1,1,0,1,0,0,1,0,3,Yok,3,Yok,4,Var ⚠️,4,Var ⚠️,4,Var ⚠️
548,Harrison Ingram,UTA,FC,4.5,4.5,a,Normal,Normal,0.0,0.0,0.0,0.0,0.0,0.0,0.0,0.0,0.0,0.0,0.0,0.0,0.0,0.0,0,1,0,1,0,1,1,0,1,0,0,1,0,3,Yok,3,Yok,4,Var ⚠️,4,Var ⚠️,4,Var ⚠️
549,Jaren Jackson Jr.,UTA,FC,13.0,13.0,d,Şüpheli (%75),Normal,0.0,0.0,0.0,0.0,0.0,0.0,0.0,0.0,0.0,0.0,0.0,0.0,0.0,0.0,0,1,0,1,0,1,1,0,1,0,0,1,0,3,Yok,3,Yok,4,Var ⚠️,4,Var ⚠️,4,Var ⚠️
550,Mo Bamba,UTA,FC,4.5,4.5,a,Normal,Normal,0.0,0.0,0.0,0.0,0.0,0.0,0.0,0.0,0.0,0.0,0.0,0.0,0.0,0.0,0,1,0,1,0,1,1,0,1,0,0,1,0,3,Yok,3,Yok,4,Var ⚠️,4,Var ⚠️,4,Var ⚠️
551,Jusuf Nurkic,UTA,FC,9.5,9.5,a,Normal,Normal,0.0,0.0,0.0,0.0,0.0,0.0,0.0,0.0,0.0,0.0,0.0,0.0,0.0,0.0,0,1,0,1,0,1,1,0,1,0,0,1,0,3,Yok,3,Yok,4,Var ⚠️,4,Var ⚠️,4,Var ⚠️
552,Svi Mykhailiuk,UTA,BC,5.0,5.0,a,Normal,Normal,0.0,0.0,0.0,0.0,0.0,0.0,0.0,0.0,0.0,0.0,0.0,0.0,0.0,0.0,0,1,0,1,0,1,1,0,1,0,0,1,0,3,Yok,3,Yok,4,Var ⚠️,4,Var ⚠️,4,Var ⚠️
553,Lauri Markkanen,UTA,FC,13.5,13.5,a,Normal,Normal,0.0,0.0,0.0,0.0,0.0,0.0,0.0,0.0,0.0,0.0,0.0,0.0,0.0,0.0,0,1,0,1,0,1,1,0,1,0,0,1,0,3,Yok,3,Yok,4,Var ⚠️,4,Var ⚠️,4,Var ⚠️
554,Keyonte George,UTA,BC,13.0,13.0,a,Normal,Normal,0.0,0.0,0.0,0.0,0.0,0.0,0.0,0.0,0.0,0.0,0.0,0.0,0.0,0.0,0,1,0,1,0,1,1,0,1,0,0,1,0,3,Yok,3,Yok,4,Var ⚠️,4,Var ⚠️,4,Var ⚠️
555,Brice Sensabaugh,UTA,FC,8.5,8.5,a,Normal,Normal,0.0,0.0,0.0,0.0,0.0,0.0,0.0,0.0,0.0,0.0,0.0,0.0,0.0,0.0,0,1,0,1,0,1,1,0,1,0,0,1,0,3,Yok,3,Yok,4,Var ⚠️,4,Var ⚠️,4,Var ⚠️
556,Isaiah Collier,UTA,BC,9.5,9.5,a,Normal,Normal,0.0,0.0,0.0,0.0,0.0,0.0,0.0,0.0,0.0,0.0,0.0,0.0,0.0,0.0,0,1,0,1,0,1,1,0,1,0,0,1,0,3,Yok,3,Yok,4,Var ⚠️,4,Var ⚠️,4,Var ⚠️
557,Kyle Filipowski,UTA,FC,10.0,10.0,a,Normal,Normal,0.0,0.0,0.0,0.0,0.0,0.0,0.0,0.0,0.0,0.0,0.0,0.0,0.0,0.0,0,1,0,1,0,1,1,0,1,0,0,1,0,3,Yok,3,Yok,4,Var ⚠️,4,Var ⚠️,4,Var ⚠️
558,Ace Bailey,UTA,FC,9.0,9.0,a,Normal,Normal,0.0,0.0,0.0,0.0,0.0,0.0,0.0,0.0,0.0,0.0,0.0,0.0,0.0,0.0,0,1,0,1,0,1,1,0,1,0,0,1,0,3,Yok,3,Yok,4,Var ⚠️,4,Var ⚠️,4,Var ⚠️
559,Blake Hinson,UTA,FC,4.5,4.5,a,Normal,Normal,0.0,0.0,0.0,0.0,0.0,0.0,0.0,0.0,0.0,0.0,0.0,0.0,0.0,0.0,0,1,0,1,0,1,1,0,1,0,0,1,0,3,Yok,3,Yok,4,Var ⚠️,4,Var ⚠️,4,Var ⚠️
560,Darryn Peterson,UTA,BC,10.5,10.5,a,Normal,Normal,0.0,0.0,0.0,0.0,0.0,0.0,0.0,0.0,0.0,0.0,0.0,0.0,0.0,0.0,0,1,0,1,0,1,1,0,1,0,0,1,0,3,Yok,3,Yok,4,Var ⚠️,4,Var ⚠️,4,Var ⚠️
561,Trae Young,WAS,BC,15.5,15.5,d,Şüpheli (%75),Normal,0.0,0.0,0.0,0.0,0.0,0.0,0.0,0.0,0.0,0.0,0.0,0.0,0.0,0.0,0,1,0,1,1,0,1,0,1,0,1,0,0,3,Var ⚠️,3,Yok,4,Var ⚠️,4,Var ⚠️,4,Yok
562,Tre Mann,WAS,BC,6.0,6.0,a,Normal,Normal,0.0,0.0,0.0,0.0,0.0,0.0,0.0,0.0,0.0,0.0,0.0,0.0,0.0,0.0,0,1,0,1,1,0,1,0,1,0,1,0,0,3,Var ⚠️,3,Yok,4,Var ⚠️,4,Var ⚠️,4,Yok
563,Deandre Ayton,WAS,FC,9.5,9.5,a,Normal,Normal,0.0,0.0,0.0,0.0,0.0,0.0,0.0,0.0,0.0,0.0,0.0,0.0,0.0,0.0,0,1,0,1,1,0,1,0,1,0,1,0,0,3,Var ⚠️,3,Yok,4,Var ⚠️,4,Var ⚠️,4,Yok
564,Anthony Davis,WAS,FC,16.5,16.5,d,Şüpheli (%75),Normal,0.0,0.0,0.0,0.0,0.0,0.0,0.0,0.0,0.0,0.0,0.0,0.0,0.0,0.0,0,1,0,1,1,0,1,0,1,0,1,0,0,3,Var ⚠️,3,Yok,4,Var ⚠️,4,Var ⚠️,4,Yok
565,Justin Champagnie,WAS,FC,7.0,7.0,a,Normal,Normal,0.0,0.0,0.0,0.0,0.0,0.0,0.0,0.0,0.0,0.0,0.0,0.0,0.0,0.0,0,1,0,1,1,0,1,0,1,0,1,0,0,3,Var ⚠️,3,Yok,4,Var ⚠️,4,Var ⚠️,4,Yok
566,Anthony Gill,WAS,FC,5.0,5.0,a,Normal,Normal,0.0,0.0,0.0,0.0,0.0,0.0,0.0,0.0,0.0,0.0,0.0,0.0,0.0,0.0,0,1,0,1,1,0,1,0,1,0,1,0,0,3,Var ⚠️,3,Yok,4,Var ⚠️,4,Var ⚠️,4,Yok
567,Bilal Coulibaly,WAS,FC,8.5,8.5,a,Normal,Normal,0.0,0.0,0.0,0.0,0.0,0.0,0.0,0.0,0.0,0.0,0.0,0.0,0.0,0.0,0,1,0,1,1,0,1,0,1,0,1,0,0,3,Var ⚠️,3,Yok,4,Var ⚠️,4,Var ⚠️,4,Yok
568,Tristan Vukcevic,WAS,FC,5.5,5.5,a,Normal,Normal,0.0,0.0,0.0,0.0,0.0,0.0,0.0,0.0,0.0,0.0,0.0,0.0,0.0,0.0,0,1,0,1,1,0,1,0,1,0,1,0,0,3,Var ⚠️,3,Yok,4,Var ⚠️,4,Var ⚠️,4,Yok
569,Carlton Carrington,WAS,BC,7.5,7.5,a,Normal,Normal,0.0,0.0,0.0,0.0,0.0,0.0,0.0,0.0,0.0,0.0,0.0,0.0,0.0,0.0,0,1,0,1,1,0,1,0,1,0,1,0,0,3,Var ⚠️,3,Yok,4,Var ⚠️,4,Var ⚠️,4,Yok
570,Kyshawn George,WAS,FC,9.0,9.0,a,Normal,Normal,0.0,0.0,0.0,0.0,0.0,0.0,0.0,0.0,0.0,0.0,0.0,0.0,0.0,0.0,0,1,0,1,1,0,1,0,1,0,1,0,0,3,Var ⚠️,3,Yok,4,Var ⚠️,4,Var ⚠️,4,Yok
571,Alexandre Sarr,WAS,FC,12.0,12.0,d,Şüpheli (%75),Normal,0.0,0.0,0.0,0.0,0.0,0.0,0.0,0.0,0.0,0.0,0.0,0.0,0.0,0.0,0,1,0,1,1,0,1,0,1,0,1,0,0,3,Var ⚠️,3,Yok,4,Var ⚠️,4,Var ⚠️,4,Yok
572,Tre Johnson,WAS,BC,8.0,8.0,a,Normal,Normal,0.0,0.0,0.0,0.0,0.0,0.0,0.0,0.0,0.0,0.0,0.0,0.0,0.0,0.0,0,1,0,1,1,0,1,0,1,0,1,0,0,3,Var ⚠️,3,Yok,4,Var ⚠️,4,Var ⚠️,4,Yok
573,Will Riley,WAS,FC,7.0,7.0,a,Normal,Normal,0.0,0.0,0.0,0.0,0.0,0.0,0.0,0.0,0.0,0.0,0.0,0.0,0.0,0.0,0,1,0,1,1,0,1,0,1,0,1,0,0,3,Var ⚠️,3,Yok,4,Var ⚠️,4,Var ⚠️,4,Yok
574,Jamir Watkins,WAS,FC,5.5,5.5,i,Sakat,Normal,0.0,0.0,0.0,0.0,0.0,0.0,0.0,0.0,0.0,0.0,0.0,0.0,0.0,0.0,0,1,0,1,1,0,1,0,1,0,1,0,0,3,Var ⚠️,3,Yok,4,Var ⚠️,4,Var ⚠️,4,Yok
575,AJ Dybantsa,WAS,FC,10.5,10.5,a,Normal,Normal,0.0,0.0,0.0,0.0,0.0,0.0,0.0,0.0,0.0,0.0,0.0,0.0,0.0,0.0,0,1,0,1,1,0,1,0,1,0,1,0,0,3,Var ⚠️,3,Yok,4,Var ⚠️,4,Var ⚠️,4,Yok
576,Khris Middleton,WAS,FC,7.0,7.0,a,Normal,Normal,0.0,0.0,0.0,0.0,0.0,0.0,0.0,0.0,0.0,0.0,0.0,0.0,0.0,0.0,0,1,0,1,1,0,1,0,1,0,1,0,0,3,Var ⚠️,3,Yok,4,Var ⚠️,4,Var ⚠️,4,Yok
577,Felix Okpara,WAS,FC,4.5,4.5,a,Normal,Normal,0.0,0.0,0.0,0.0,0.0,0.0,0.0,0.0,0.0,0.0,0.0,0.0,0.0,0.0,0,1,0,1,1,0,1,0,1,0,1,0,0,3,Var ⚠️,3,Yok,4,Var ⚠️,4,Var ⚠️,4,Yok
